sample_name	svtype	sv_tier	start_id	start_chrom	start_pos	start_cipos	end_id	end_chrom	end_pos	end_cipos	sv_merge_id
2016.249.17.MH.P033	BND	2	MantaBND:23638:0:1:0:0:0:1	chr2	106417983	 (-412,413)	MantaBND:23638:0:1:0:0:0:0	chr2	107878174	-	2
2016.249.17.MH.P033	BND	2	MantaBND:0:622869:622870:0:0:0:1	chr16	348023	 (-365,365)	MantaBND:0:622869:622870:0:0:0:0	chr22	46926564	-	10
2016.249.17.MH.P033	DEL	3	MantaDEL:0:735871:735872:0:3:0	chrX	46783208	 (0,5)	-	chrX	48340157	 (0,5)	27
2016.249.17.MH.P033	DEL	3	MantaDEL:0:617607:618085:0:0:0	chr15	51812468	 (0,5)	-	chr15	83523815	 (0,5)	20
2016.249.17.MH.P033	DEL	4	MantaDEL:174853:0:1:0:0:0	chr19	11389734	 (0,8)	-	chr19	11390086	-	25
2016.249.17.MH.P033	DEL	4	MantaDEL:165569:0:1:0:0:0	chr17	64759638	 (0,2)	-	chr17	64760001	-	24
2016.249.17.MH.P033	BND	4	purple_8	chr16	34948000	 (-500,500)	-	-	-	-	23
2016.249.17.MH.P033	BND	4	purple_7	chr16	34214001	 (-3000,5000)	-	-	-	-	22
2016.249.17.MH.P033	DUP	4	MantaDUP:TANDEM:0:288933:622374:0:1:0	chr15	99748279	-	-	chr15	100346082	-	21
2016.249.17.MH.P033	DEL	4	MantaDEL:135805:0:0:0:0:0	chr13	52372370	-	-	chr13	52372451	-	19
2016.249.17.MH.P033	DEL	4	MantaDEL:132080:0:0:0:0:0	chr12	122807038	 (0,10)	-	chr12	122807702	-	18
2016.249.17.MH.P033	DEL	4	MantaDEL:0:539113:539113:2:0:0	chr12	76482346	 (-469,469)	-	chr12	76483810	 (-378,379)	17
2016.249.17.MH.P033	DUP	4	MantaDUP:TANDEM:94491:0:1:0:0:0	chr8	115838728	 (0,2)	-	chr8	115839028	 (0,2)	16
2016.249.17.MH.P033	BND	4	purple_4	chr7	57900001	 (-2000,500)	-	-	-	-	15
2016.249.17.MH.P033	BND	4	MantaBND:0:28071:28071:4:0:0:0	chr1	105104217	 (-561,562)	MantaBND:0:28071:28071:4:0:0:1	chr1	105104290	-	1
2016.249.17.MH.P033	DEL	4	MantaDEL:0:211704:211704:1:0:0	chr4	81076124	-	-	chr4	81077011	-	13
2016.249.17.MH.P033	DEL	4	MantaDEL:23603:0:1:0:1:0	chr2	105112296	 (0,43)	-	chr2	105113074	-	12
2016.249.17.MH.P033	DUP	4	MantaDUP:TANDEM:0:28071:28071:0:0:0	chr1	105102483	 (0,2)	-	chr1	105104167	 (0,2)	11
2016.249.17.MH.P033	BND	4	MantaBND:0:622374:622375:5:0:0:0	chr15	100347415	 (0,2)	MantaBND:0:622374:622375:5:0:0:1	chr18	43056869	-	9
2016.249.17.MH.P033	BND	4	MantaBND:0:622374:622375:4:0:0:1	chr15	100346161	 (0,3)	MantaBND:0:622374:622375:4:0:0:0	chr18	43057899	-	8
2016.249.17.MH.P033	BND	4	MantaBND:0:622374:622375:0:0:0:0	chr15	100346082	-	MantaBND:0:622374:622375:0:0:0:1	chr18	43056460	-	7
2016.249.17.MH.P033	BND	4	MantaBND:0:461393:461394:1:0:0:1	chr10	46249572	 (-426,427)	MantaBND:0:461393:461394:1:0:0:0	chr10	46312780	-	6
2016.249.17.MH.P033	BND	4	MantaBND:88521:0:1:0:1:0:1	chr8	6975498	 (0,1)	MantaBND:88521:0:1:0:1:0:0	chr8	15381383	-	5
2016.249.17.MH.P033	BND	4	MantaBND:0:249934:251666:0:0:0:1	chr5	21522363	 (-320,320)	MantaBND:0:249934:251666:0:0:0:0	chr5	29438013	-	4
2016.249.17.MH.P033	BND	4	MantaBND:0:520994:520995:0:0:0:1	chr4	9191319	 (-321,321)	MantaBND:0:520994:520995:0:0:0:0	chr12	8206046	-	3
2016.249.17.MH.P033	DEL	4	MantaDEL:0:724748:724748:1:0:0	chrX	1789767	-	-	chrX	1789858	-	26
2016.249.17.MH.P033	BND	4	purple_3	chr5	73148000	 (-500,500)	-	-	-	-	14
2016.249.18.WH.P025	BND	2	MantaBND:340775:0:1:0:1:0:0	chr19	1213490	 (0,8)	-	-	-	-	46
2016.249.18.WH.P025	BND	2	MantaBND:111732:0:1:0:0:0:1	chr7	99077744	 (0,1)	-	-	-	-	44
2016.249.18.WH.P025	BND	2	MantaBND:1278:0:1:0:1:0:0	chr1	6836622	 (0,1)	-	-	-	-	43
2016.249.18.WH.P025	BND	2	MantaBND:328027:0:1:0:0:0:0	chr10	102601226	-	-	-	-	-	45
2016.249.18.WH.P025	BND	2	MantaBND:107334:0:1:0:0:0:1	chr3	60528642	 (0,10)	MantaBND:107334:0:1:0:0:0:0	chr6	163176714	-	6
2016.249.18.WH.P025	BND	2	MantaBND:120162:0:1:0:1:0:0	chr3	136737795	 (0,25)	MantaBND:120162:0:1:0:1:0:1	chr19	36124809	-	7
2016.249.18.WH.P025	DEL	2	MantaDEL:494581:0:1:1:0:0	chr20	20037686	 (-294,294)	-	chr20	20039427	 (-320,321)	40
2016.249.18.WH.P025	BND	2	MantaBND:302617:0:1:0:0:0:1	chr9	104773598	 (0,1)	MantaBND:302617:0:1:0:0:0:0	chrX	1536883	-	11
2016.249.18.WH.P025	DEL	3	MantaDEL:1:28076:28079:3:0:0	chr4	143540747	 (-283,284)	-	chr4	143544480	 (-281,281)	24
2016.249.18.WH.P025	DEL	3	MantaDEL:1:28079:28080:1:0:0	chr4	143544093	 (-435,436)	-	chr4	143546512	 (-291,291)	25
2016.249.18.WH.P025	DEL	3	MantaDEL:161932:0:0:3:0:0	chr4	173332280	 (-517,517)	-	chr4	173332999	 (-587,588)	26
2016.249.18.WH.P025	DEL	3	MantaDEL:269052:0:1:0:0:0	chr8	42838399	 (-389,389)	-	chr8	42842752	 (-304,304)	30
2016.249.18.WH.P025	DEL	3	MantaDEL:277073:4:5:1:0:0	chr8	94888303	 (-284,285)	-	chr8	94893709	 (-318,319)	32
2016.249.18.WH.P025	DEL	3	MantaDEL:1:28064:28066:1:0:0	chr4	143524724	 (-291,291)	-	chr4	143527634	 (-317,318)	22
2016.249.18.WH.P025	DEL	3	MantaDEL:437974:0:1:0:0:0	chr16	24556025	 (-363,364)	-	chr16	24559266	 (-328,328)	39
2016.249.18.WH.P025	DEL	3	MantaDEL:517555:0:1:0:0:0	chrX	23783872	 (-510,511)	-	chrX	23785578	 (-356,356)	41
2016.249.18.WH.P025	DEL	3	MantaDEL:520439:0:1:0:0:0	chrX	48859127	 (-325,325)	-	chrX	53517568	 (-481,481)	42
2016.249.18.WH.P025	DEL	3	MantaDEL:277073:2:4:0:0:0	chr8	94885666	 (-462,463)	-	chr8	94892545	 (-303,304)	31
2016.249.18.WH.P025	DEL	3	MantaDEL:41464:0:4:0:0:0	chr1	212346130	 (-298,298)	-	chr1	212356605	 (-576,576)	20
2016.249.18.WH.P025	DEL	3	MantaDEL:1:28076:28080:1:0:0	chr4	143540737	 (-284,285)	-	chr4	143545460	 (-484,484)	23
2016.249.18.WH.P025	BND	3	MantaBND:1:101839:101840:0:1:0:1	chr2	126621926	 (0,2)	MantaBND:1:101839:101840:0:1:0:0	chr16	68788112	-	2
2016.249.18.WH.P025	DEL	3	MantaDEL:8680:3:5:0:0:0	chr1	39568122	 (-297,298)	-	chr1	39569473	 (-451,451)	17
2016.249.18.WH.P025	BND	3	MantaBND:74608:0:1:0:2:0:0	chr2	141011372	 (0,1)	MantaBND:74608:0:1:0:2:0:1	chr7	16351182	-	3
2016.249.18.WH.P025	BND	3	MantaBND:1:1292:4379:0:0:0:0	chr3	14161421	 (-362,362)	MantaBND:1:1292:4379:0:0:0:1	chr9	21386070	-	4
2016.249.18.WH.P025	BND	3	MantaBND:104449:0:1:0:0:0:1	chr3	48404731	 (0,10)	MantaBND:104449:0:1:0:0:0:0	chr17	33088365	-	5
2016.249.18.WH.P025	BND	3	MantaBND:150744:0:1:0:2:0:0	chr4	109734532	 (0,4)	MantaBND:150744:0:1:0:2:0:1	chr16	11338529	-	8
2016.249.18.WH.P025	BND	3	MantaBND:221458:0:1:0:1:0:0	chr6	127418679	-	MantaBND:221458:0:1:0:1:0:1	chr8	31098512	-	9
2016.249.18.WH.P025	BND	3	MantaBND:344351:0:1:0:2:0:0	chr11	48218162	 (0,1)	MantaBND:344351:0:1:0:2:0:1	chr13	91468832	-	13
2016.249.18.WH.P025	BND	3	MantaBND:322482:0:1:0:1:0:0	chr10	74889119	 (0,2)	MantaBND:322482:0:1:0:1:0:1	chr20	50798956	-	12
2016.249.18.WH.P025	DEL	4	MantaDEL:73565:0:0:1:0:0	chr2	135574698	 (-275,276)	-	chr2	135575314	 (-275,276)	21
2016.249.18.WH.P025	DUP	4	MantaDUP:TANDEM:417908:0:2:0:0:0	chr15	24437980	 (-378,379)	-	chr15	24488558	 (-591,591)	38
2016.249.18.WH.P025	DEL	4	MantaDEL:366715:0:0:2:0:0	chr12	34703702	 (-235,236)	-	chr12	34704233	 (-235,236)	37
2016.249.18.WH.P025	DEL	4	MantaDEL:366715:0:0:1:0:0	chr12	34702551	 (-278,278)	-	chr12	34703168	 (-279,279)	36
2016.249.18.WH.P025	DUP	4	MantaDUP:TANDEM:336234:0:1:0:0:0	chr11	7796282	 (-429,429)	-	chr11	7825581	 (-373,373)	35
2016.249.18.WH.P025	DEL	4	MantaDEL:321376:0:3:0:0:0	chr10	70092207	 (-346,346)	-	chr10	70108761	 (-351,352)	33
2016.249.18.WH.P025	DEL	4	MantaDEL:41459:0:2:0:0:0	chr1	212286553	 (-329,329)	-	chr1	212333215	 (-311,312)	19
2016.249.18.WH.P025	BND	4	MantaBND:1:2841:22854:0:0:0:0	chr6	140133212	 (-381,382)	MantaBND:1:2841:22854:0:0:0:1	chr9	37068011	-	10
2016.249.18.WH.P025	DEL	4	MantaDEL:214368:2:2:1:0:0	chr7	79901973	 (-292,293)	-	chr7	79902626	 (-292,293)	29
2016.249.18.WH.P025	DEL	4	MantaDEL:1:66606:66606:0:0:1	chr6	110893062	 (0,3)	-	chr6	110893472	-	28
2016.249.18.WH.P025	DEL	4	MantaDEL:1:66606:66606:0:0:0	chr6	110892827	 (0,1)	-	chr6	110892909	-	27
2016.249.18.WH.P025	BND	4	MantaBND:1:11142:20180:0:0:0:0	chr11	78623439	 (-596,597)	MantaBND:1:11142:20180:0:0:0:1	chrX	42572855	-	14
2016.249.18.WH.P025	BND	4	MantaBND:495165:0:6:0:0:0:0	chr20	23988017	 (-525,525)	MantaBND:495165:0:6:0:0:0:1	chr22	24659857	-	15
2016.249.18.WH.P025	BND	4	MantaBND:1:110325:110327:0:0:0:1	chrX	48244773	 (-569,569)	MantaBND:1:110325:110327:0:0:0:0	chrX	48448019	-	16
2016.249.18.WH.P025	DEL	4	MantaDEL:26791:0:2:0:0:0	chr1	119737474	 (-294,294)	-	chr1	119741565	 (-290,290)	18
2016.249.18.WH.P025	DEL	4	MantaDEL:321376:1:2:0:0:0	chr10	70096034	 (-315,316)	-	chr10	70111414	 (-468,468)	34
2016.249.18.WH.P025	BND	4	MantaBND:1:20161:20180:0:0:0:1	chr1	38149504	 (-346,346)	MantaBND:1:20161:20180:0:0:0:0	chrX	42572843	-	1
B_ALL_Case_10	BND	4	MantaBND:141568:0:1:0:0:0:1	chr10	79659946	 (-289,289)	MantaBND:141568:0:1:0:0:0:0	chr10	79815389	-	1
B_ALL_Case_10	BND	4	MantaBND:150489:0:2:0:0:0:1	chr11	49630719	 (-496,496)	MantaBND:150489:0:2:0:0:0:0	chr11	88994685	-	2
B_ALL_Case_10	BND	4	MantaBND:183667:2:2:5:0:0:0	chr14	105864460	 (-745,746)	MantaBND:183667:2:2:5:0:0:1	chr14	105864539	-	3
B_ALL_Case_10	BND	4	MantaBND:222590:0:5:0:0:0:1	chr20	23988051	 (-507,507)	MantaBND:222590:0:5:0:0:0:0	chr22	24659893	-	4
B_ALL_Case_10	DEL	4	MantaDEL:27831:0:1:0:0:0	chr2	89117328	-	-	chr2	89142571	-	5
B_ALL_Case_10	DEL	4	MantaDEL:123739:0:0:0:0:0	chr8	139001827	 (0,27)	-	chr8	139001944	-	6
B_ALL_Case_10	INS	4	MantaINS:182560:0:0:2:1:0	chr14	94518999	 (0,16)	-	chr14	94518999	-	7
B_ALL_Case_10	BND	4	purple_1	chr14	106074001	 (-500,500)	-	-	-	-	8
B_ALL_Case_10	BND	4	purple_2	chr14	106673000	 (-500,5000)	-	-	-	-	9
B_ALL_Case_10	BND	4	purple_3	chrX	1587001	 (-500,500)	-	-	-	-	10
CUP-Pairs8	BND	1	MantaBND:27213:0:1:0:0:0:1	chr1	61312208	 (0,6)	MantaBND:27213:0:1:0:0:0:0	chr1	243829835	-	6
CUP-Pairs8	BND	2	MantaBND:3:53835:53840:0:3:0:1	chr1	7101770	 (0,5)	MantaBND:3:53835:53840:0:3:0:0	chr6	139773272	-	1
CUP-Pairs8	BND	2	MantaBND:3:673952:720557:0:2:0:0	chr11	108566343	 (0,9)	MantaBND:3:673952:720557:0:2:0:1	chr15	90604101	-	109
CUP-Pairs8	BND	2	MantaBND:3:217067:312053:0:0:0:0	chr10	102547730	 (0,5)	MantaBND:3:217067:312053:0:0:0:1	chr15	45306515	-	90
CUP-Pairs8	BND	2	MantaBND:3:716175:716423:0:0:0:1	chr10	75012339	 (0,21)	MantaBND:3:716175:716423:0:0:0:0	chr12	59605089	-	89
CUP-Pairs8	BND	2	MantaBND:363730:0:1:0:0:0:0	chr10	74946288	 (0,5)	MantaBND:363730:0:1:0:0:0:1	chr11	75758013	-	88
CUP-Pairs8	BND	2	MantaBND:3:335912:624739:0:0:0:1	chr10	68662661	 (0,9)	MantaBND:3:335912:624739:0:0:0:0	chr15	73400223	-	87
CUP-Pairs8	BND	2	MantaBND:3:601677:610415:0:0:0:0	chr10	27216917	 (0,3)	MantaBND:3:601677:610415:0:0:0:1	chrX	124185547	-	86
CUP-Pairs8	BND	2	MantaBND:3:320190:320193:0:3:0:0	chr14	65057267	 (0,3)	-	-	-	-	165
CUP-Pairs8	BND	2	MantaBND:3:184917:565932:0:6:0:0	chr9	77941913	 (0,36)	MantaBND:3:184917:565932:0:6:0:1	chr16	77799522	-	82
CUP-Pairs8	BND	2	MantaBND:3:269505:562318:0:3:0:0	chr9	9451038	 (0,9)	MantaBND:3:269505:562318:0:3:0:1	chr12	105858628	-	81
CUP-Pairs8	BND	2	MantaBND:3:556820:556821:0:0:0:0	chr8	138437440	 (0,7)	MantaBND:3:556820:556821:0:0:0:1	chr9	4522673	-	80
CUP-Pairs8	BND	2	MantaBND:3:451670:556082:0:1:0:1	chr8	136008971	 (0,3)	MantaBND:3:451670:556082:0:1:0:0	chr21	35933064	-	79
CUP-Pairs8	BND	2	MantaBND:3:860711:860712:0:0:0:1	chr8	126219645	 (0,10)	MantaBND:3:860711:860712:0:0:0:0	chr16	78393373	-	77
CUP-Pairs8	BND	2	MantaBND:3:109925:544144:0:1:0:1	chr8	118003037	 (0,14)	MantaBND:3:109925:544144:0:1:0:0	chr13	112358598	-	76
CUP-Pairs8	BND	2	MantaBND:3:121204:498863:0:1:0:0	chr8	23257345	 (0,6)	MantaBND:3:121204:498863:0:1:0:1	chr22	29670248	-	74
CUP-Pairs8	BND	2	MantaBND:3:488377:488383:0:0:0:1	chr7	148772704	-	MantaBND:3:488377:488383:0:0:0:0	chr7	148811036	-	73
CUP-Pairs8	BND	2	MantaBND:3:388575:699555:0:1:0:0	chr7	148263705	 (0,11)	MantaBND:3:388575:699555:0:1:0:1	chr13	75456036	-	72
CUP-Pairs8	BND	2	MantaBND:3:83054:469815:0:0:0:1	chr7	122792642	 (0,8)	MantaBND:3:83054:469815:0:0:0:0	chr11	120445589	-	71
CUP-Pairs8	BND	2	MantaBND:3:719966:720347:0:0:0:0	chr6	166499918	 (0,7)	MantaBND:3:719966:720347:0:0:0:1	chr12	77342103	-	68
CUP-Pairs8	BND	2	MantaBND:3:301224:395111:0:0:0:0	chr6	156892000	 (0,17)	MantaBND:3:301224:395111:0:0:0:1	chr20	11995582	-	67
CUP-Pairs8	BND	2	MantaBND:302676:0:1:0:0:0:0	chr6	151844924	 (0,15)	MantaBND:302676:0:1:0:0:0:1	chr13	97457015	-	66
CUP-Pairs8	BND	2	MantaBND:3:126284:388999:0:0:0:1	chr6	148443023	 (0,12)	MantaBND:3:126284:388999:0:0:0:0	chr22	30633081	-	65
CUP-Pairs8	BND	2	MantaBND:3:42329:342367:0:9:0:0	chr6	103909867	 (0,4)	MantaBND:3:42329:342367:0:9:0:1	chr12	70548416	-	63
CUP-Pairs8	BND	2	MantaBND:3:783802:783803:0:1:0:1	chr5	165322880	 (0,10)	MantaBND:3:783802:783803:0:1:0:0	chr14	34771180	-	59
CUP-Pairs8	BND	2	MantaBND:3:344402:607208:0:0:0:1	chr11	113102541	 (0,1)	MantaBND:3:344402:607208:0:0:0:0	chr22	40632229	-	110
CUP-Pairs8	BND	2	MantaBND:3:712824:712825:0:0:0:1	chr11	114308830	 (0,10)	MantaBND:3:712824:712825:0:0:0:0	chr12	45823705	-	112
CUP-Pairs8	BND	2	MantaBND:3:81742:689294:0:0:0:1	chr11	118096593	 (0,5)	MantaBND:3:81742:689294:0:0:0:0	chr20	42417946	-	113
CUP-Pairs8	BND	2	MantaBND:396249:0:1:0:0:0:0	chr12	124400799	 (0,3)	MantaBND:396249:0:1:0:0:0:1	chr14	91037705	-	115
CUP-Pairs8	BND	2	MantaBND:380466:0:1:0:0:0:1	chr12	117492974	 (0,14)	-	-	-	-	164
CUP-Pairs8	BND	2	MantaBND:228545:0:1:0:0:0:0	chr12	1338710	 (0,13)	-	-	-	-	163
CUP-Pairs8	BND	2	MantaBND:3:687952:687955:0:0:0:0	chr11	76499334	 (0,4)	-	-	-	-	162
CUP-Pairs8	BND	2	MantaBND:3:147374:147376:0:1:0:1	chr7	98980953	 (0,6)	-	-	-	-	161
CUP-Pairs8	BND	2	MantaBND:3:339475:339476:0:5:0:1	chr7	78868792	 (0,15)	-	-	-	-	160
CUP-Pairs8	BND	2	MantaBND:3:430087:430991:0:0:0:1	chr7	78303268	 (0,5)	-	-	-	-	159
CUP-Pairs8	BND	2	MantaBND:3:260493:260494:0:1:0:0	chr5	11764172	 (0,6)	-	-	-	-	158
CUP-Pairs8	BND	2	MantaBND:3:571958:571959:0:2:0:0	chr4	82857587	 (0,8)	-	-	-	-	157
CUP-Pairs8	BND	2	MantaBND:207237:0:1:0:1:0:1	chr3	185356889	 (0,9)	-	-	-	-	156
CUP-Pairs8	BND	2	MantaBND:3:261323:261326:0:6:0:0	chr3	179208026	 (0,10)	-	-	-	-	155
CUP-Pairs8	BND	2	MantaBND:3:64812:181865:0:1:0:0	chr3	177187227	 (0,25)	-	-	-	-	154
CUP-Pairs8	BND	2	MantaBND:3:719283:719286:0:7:0:1	chr5	68272062	 (0,5)	MantaBND:3:719283:719286:0:7:0:0	chr17	7567479	-	58
CUP-Pairs8	BND	2	MantaBND:3:108576:108577:0:1:0:1	chr2	231978850	 (0,5)	-	-	-	-	153
CUP-Pairs8	DUP	2	MantaDUP:TANDEM:3:116471:916261:0:0:0	chr19	11439071	 (-289,290)	-	chr19	22391366	 (-436,437)	149
CUP-Pairs8	DUP	2	MantaDUP:TANDEM:3:514932:543183:0:0:0	chr8	116951900	-	-	chr8	118572027	-	141
CUP-Pairs8	DEL	2	MantaDEL:3:98508:115067:1:0:0	chr8	105117136	 (0,33)	-	chr8	120918371	 (0,33)	140
CUP-Pairs8	DEL	2	MantaDEL:261982:0:1:0:0:0	chr5	72569616	-	-	chr5	125260301	-	136
CUP-Pairs8	BND	2	MantaBND:456011:0:1:0:1:0:0	chrX	77720318	 (0,4)	MantaBND:456011:0:1:0:1:0:1	chrX	79673303	-	129
CUP-Pairs8	BND	2	MantaBND:257895:0:1:0:0:0:0	chrX	67635403	 (0,6)	MantaBND:257895:0:1:0:0:0:1	chrX	88142902	-	128
CUP-Pairs8	BND	2	MantaBND:3:225180:843226:0:0:0:1	chr19	10779349	 (0,4)	MantaBND:3:225180:843226:0:0:0:0	chr20	57443758	-	126
CUP-Pairs8	BND	2	MantaBND:3:212815:542317:0:1:0:1	chr16	78314114	 (0,8)	MantaBND:3:212815:542317:0:1:0:0	chr17	68312098	-	124
CUP-Pairs8	BND	2	MantaBND:3:389667:848176:0:1:0:1	chr16	53813246	 (0,15)	MantaBND:3:389667:848176:0:1:0:0	chr18	53332866	-	122
CUP-Pairs8	BND	2	MantaBND:3:956239:956240:0:0:0:0	chr14	103546408	 (0,5)	MantaBND:3:956239:956240:0:0:0:1	chrX	47158345	-	120
CUP-Pairs8	BND	2	MantaBND:3:920137:920138:0:0:0:0	chr13	84529345	 (0,1)	MantaBND:3:920137:920138:0:0:0:1	chr19	18463611	-	116
CUP-Pairs8	BND	2	MantaBND:3:58415:58418:0:0:0:1	chr2	60473090	 (0,8)	-	-	-	-	152
CUP-Pairs8	BND	2	MantaBND:3:259265:259267:0:0:0:0	chr5	14598606	 (0,10)	MantaBND:3:259265:259267:0:0:0:1	chr7	82967287	-	56
CUP-Pairs8	BND	2	MantaBND:3:6235:575710:0:0:0:0	chr9	78292612	 (0,2)	MantaBND:3:6235:575710:0:0:0:1	chr11	108731682	-	83
CUP-Pairs8	BND	2	MantaBND:3:44791:874021:0:1:0:1	chr20	36898314	 (0,8)	-	-	-	-	166
CUP-Pairs8	BND	2	MantaBND:3:205889:205890:0:4:0:1	chr3	77639755	 (0,8)	MantaBND:3:205889:205890:0:4:0:0	chr8	6903280	-	39
CUP-Pairs8	BND	2	MantaBND:3:197214:197217:0:0:0:0	chr3	76146845	 (0,14)	MantaBND:3:197214:197217:0:0:0:1	chr5	155494288	-	38
CUP-Pairs8	BND	2	MantaBND:181779:0:1:0:0:0:1	chr3	76130575	 (0,13)	MantaBND:181779:0:1:0:0:0:0	chr8	65188556	-	37
CUP-Pairs8	BND	2	MantaBND:3:84211:84212:0:1:0:0	chr1	246107694	 (0,5)	MantaBND:3:84211:84212:0:1:0:1	chr2	161170913	-	15
CUP-Pairs8	BND	2	MantaBND:3:677737:677938:0:0:0:1	chr2	236420677	 (0,10)	MantaBND:3:677737:677938:0:0:0:0	chr11	92525556	-	36
CUP-Pairs8	BND	2	MantaBND:3:243319:243322:0:2:0:1	chr2	212185060	 (0,1)	MantaBND:3:243319:243322:0:2:0:0	chr3	66101693	-	35
CUP-Pairs8	BND	2	MantaBND:3:315310:315312:0:0:0:0	chr2	200373937	 (0,7)	MantaBND:3:315310:315312:0:0:0:1	chr22	25959519	-	34
CUP-Pairs8	BND	2	MantaBND:3:701038:701039:0:2:0:0	chr2	191129346	 (0,6)	MantaBND:3:701038:701039:0:2:0:1	chr12	12058028	-	33
CUP-Pairs8	BND	2	MantaBND:95847:0:1:0:0:0:1	chr2	21135958	 (0,7)	MantaBND:95847:0:1:0:0:0:0	chr3	136537358	-	16
CUP-Pairs8	BND	2	MantaBND:3:122063:842188:0:0:0:1	chr2	24283247	 (0,6)	MantaBND:3:122063:842188:0:0:0:0	chr20	42567262	-	17
CUP-Pairs8	BND	2	MantaBND:3:48565:48566:0:4:0:0	chr2	34312275	 (0,1)	MantaBND:3:48565:48566:0:4:0:1	chr8	13587575	-	18
CUP-Pairs8	BND	2	MantaBND:3:51252:51253:0:0:0:1	chr2	34348426	 (0,10)	MantaBND:3:51252:51253:0:0:0:0	chr7	146461408	-	19
CUP-Pairs8	BND	2	MantaBND:3:268920:268925:0:2:0:0	chr2	186600685	 (0,38)	MantaBND:3:268920:268925:0:2:0:1	chr13	46772936	-	31
CUP-Pairs8	BND	2	MantaBND:142371:0:1:0:0:0:1	chr2	172757088	 (0,17)	MantaBND:142371:0:1:0:0:0:0	chr9	95127323	-	30
CUP-Pairs8	BND	2	MantaBND:3:745015:745016:0:0:0:1	chr2	157740067	 (0,7)	MantaBND:3:745015:745016:0:0:0:0	chr19	40735469	-	29
CUP-Pairs8	BND	2	MantaBND:3:80110:80112:0:3:0:1	chr2	141517184	 (0,8)	MantaBND:3:80110:80112:0:3:0:0	chr2	178866691	-	28
CUP-Pairs8	BND	2	MantaBND:3:288553:288554:0:0:0:0	chr2	98836561	-	MantaBND:3:288553:288554:0:0:0:1	chr20	42073125	-	27
CUP-Pairs8	BND	2	MantaBND:3:960219:960221:0:0:0:1	chr2	47704894	-	MantaBND:3:960219:960221:0:0:0:0	chr3	23788820	-	20
CUP-Pairs8	BND	2	MantaBND:3:103314:181667:0:2:0:1	chr2	86626922	 (0,12)	MantaBND:3:103314:181667:0:2:0:0	chr10	26834806	-	25
CUP-Pairs8	BND	2	MantaBND:3:217692:217693:0:2:0:0	chr3	136676730	 (0,20)	MantaBND:3:217692:217693:0:2:0:1	chr16	35659563	-	40
CUP-Pairs8	BND	2	MantaBND:3:156181:156183:0:2:0:1	chr3	136689981	 (0,8)	MantaBND:3:156181:156183:0:2:0:0	chr12	76662245	-	41
CUP-Pairs8	BND	2	MantaBND:3:435871:435873:0:1:0:1	chr2	68587879	 (0,10)	MantaBND:3:435871:435873:0:1:0:0	chr6	162717358	-	23
CUP-Pairs8	BND	2	MantaBND:3:189263:189265:0:0:0:0	chr3	149720953	 (0,7)	MantaBND:3:189263:189265:0:0:0:1	chr20	8475003	-	42
CUP-Pairs8	BND	2	MantaBND:3:861870:861871:0:0:0:0	chr1	54785571	 (0,4)	MantaBND:3:861870:861871:0:0:0:1	chr16	79189554	-	5
CUP-Pairs8	BND	2	MantaBND:3:628623:872798:0:1:0:1	chr4	110180542	 (0,7)	MantaBND:3:628623:872798:0:1:0:0	chr17	31372865	-	51
CUP-Pairs8	BND	2	MantaBND:3:222719:222721:0:2:0:1	chr1	37994574	-	MantaBND:3:222719:222721:0:2:0:0	chr3	136528761	-	4
CUP-Pairs8	BND	2	MantaBND:3:6649:6652:0:0:0:1	chr1	32852114	 (0,5)	MantaBND:3:6649:6652:0:0:0:0	chr3	79229529	-	3
CUP-Pairs8	BND	2	MantaBND:232839:0:1:0:0:0:1	chr4	110003639	 (0,10)	MantaBND:232839:0:1:0:0:0:0	chr11	9146772	-	50
CUP-Pairs8	BND	2	MantaBND:3:931257:931258:0:0:0:1	chr4	76578914	 (0,3)	MantaBND:3:931257:931258:0:0:0:0	chr17	16158270	-	49
CUP-Pairs8	BND	2	MantaBND:12145:0:1:0:0:0:0	chr1	26768675	 (0,4)	MantaBND:12145:0:1:0:0:0:1	chr15	71346029	-	2
CUP-Pairs8	BND	2	MantaBND:29009:0:1:0:0:0:0	chr1	66022158	 (0,3)	MantaBND:29009:0:1:0:0:0:1	chr7	103745145	-	7
CUP-Pairs8	BND	2	MantaBND:40490:0:1:0:1:0:0	chr1	98465509	 (0,4)	MantaBND:40490:0:1:0:1:0:1	chr3	71278783	-	8
CUP-Pairs8	BND	2	MantaBND:3:539138:540264:0:2:0:0	chr4	142192246	 (0,7)	MantaBND:3:539138:540264:0:2:0:1	chr15	47720417	-	53
CUP-Pairs8	BND	2	MantaBND:41603:0:1:0:0:0:0	chr1	101591223	 (0,11)	MantaBND:41603:0:1:0:0:0:1	chr13	91873393	-	9
CUP-Pairs8	BND	2	MantaBND:3:572520:572766:0:0:0:0	chr1	197443060	 (0,5)	MantaBND:3:572520:572766:0:0:0:1	chr3	177071106	-	12
CUP-Pairs8	BND	2	MantaBND:3:178561:178564:0:2:0:0	chr3	177160368	 (0,6)	MantaBND:3:178561:178564:0:2:0:1	chr4	186270812	-	44
CUP-Pairs8	BND	2	MantaBND:3:231793:231800:0:2:0:0	chr3	185703514	 (0,7)	MantaBND:3:231793:231800:0:2:0:1	chr11	125527687	-	45
CUP-Pairs8	BND	2	MantaBND:3:149793:252792:0:1:0:1	chr4	180450431	 (0,5)	MantaBND:3:149793:252792:0:1:0:0	chr8	108373300	-	54
CUP-Pairs8	BND	2	MantaBND:3:28599:201280:0:0:0:1	chr4	48199371	 (0,5)	MantaBND:3:28599:201280:0:0:0:0	chr14	71972738	-	47
CUP-Pairs8	BND	2	MantaBND:3:541645:541647:0:4:0:1	chr1	162797291	 (0,5)	MantaBND:3:541645:541647:0:4:0:0	chr8	112430898	-	11
CUP-Pairs8	BND	2	MantaBND:3:240089:240092:0:1:0:0	chr1	154977367	 (0,28)	MantaBND:3:240089:240092:0:1:0:1	chr4	109097341	-	10
CUP-Pairs8	DUP	3	MantaDUP:TANDEM:3:691741:691741:0:0:0	chr11	128583066	 (0,2)	-	chr11	128584035	 (0,2)	145
CUP-Pairs8	DUP	3	MantaDUP:TANDEM:383491:1:2:0:0:0	chr14	66773976	 (0,2)	-	chr14	66983565	 (0,2)	146
CUP-Pairs8	BND	3	MantaBND:3:667520:667521:0:0:0:0	chr11	98399427	 (-247,247)	MantaBND:3:667520:667521:0:0:0:1	chr11	118492771	-	108
CUP-Pairs8	DUP	4	MantaDUP:TANDEM:3:47628:47630:0:0:0	chr1	38799412	 (-340,341)	-	chr1	38811272	 (-310,310)	131
CUP-Pairs8	BND	4	MantaBND:3:917644:917644:6:0:0:1	chr19	19036753	 (0,1)	MantaBND:3:917644:917644:6:0:0:0	chr19	19037853	-	127
CUP-Pairs8	DUP	4	MantaDUP:TANDEM:121755:0:1:0:2:0	chr2	103298725	 (0,1)	-	chr2	103298847	 (0,1)	132
CUP-Pairs8	BND	4	MantaBND:3:56372:56374:0:0:0:1	chr2	63773064	 (0,1)	MantaBND:3:56372:56374:0:0:0:0	chr2	63822164	-	21
CUP-Pairs8	BND	4	MantaBND:3:39173:59565:0:0:0:0	chr2	66168878	-	MantaBND:3:39173:59565:0:0:0:1	chr10	128014386	-	22
CUP-Pairs8	DUP	4	MantaDUP:TANDEM:11964:0:1:0:0:0	chr1	26603376	 (0,2)	-	chr1	26604010	 (0,2)	130
CUP-Pairs8	DEL	4	MantaDEL:330992:0:2:0:0:0	chr8	43364971	 (0,7)	-	chr8	43365207	-	139
CUP-Pairs8	INS	4	MantaINS:3:152424:152424:0:2:0	chr3	133824619	-	-	chr3	133824633	-	134
CUP-Pairs8	DEL	4	MantaDEL:3:165433:165433:1:0:0	chr3	156927590	-	-	chr3	156927642	-	135
CUP-Pairs8	DEL	4	MantaDEL:2972:0:0:0:0:0	chr5	147903110	-	-	chr5	147903218	-	137
CUP-Pairs8	DUP	4	MantaDUP:TANDEM:3:319859:319859:2:1:0	chr8	21150453	 (0,4)	-	chr8	21150744	 (0,4)	138
CUP-Pairs8	BND	4	MantaBND:3:3730:36986:0:0:0:1	chr1	240521411	 (-303,303)	MantaBND:3:3730:36986:0:0:0:0	chr15	20180531	-	14
CUP-Pairs8	DEL	4	MantaDEL:358280:0:1:0:0:0	chr10	20396725	 (0,1)	-	chr10	20415884	 (0,1)	142
CUP-Pairs8	DEL	4	MantaDEL:3:904891:904891:3:0:1	chr10	74738857	 (0,3)	-	chr10	74738921	-	143
CUP-Pairs8	DUP	4	MantaDUP:TANDEM:113968:0:0:1:0:0	chr10	126215152	-	-	chr10	126215315	-	144
CUP-Pairs8	INS	4	MantaINS:3:905550:905550:5:3:0	chr18	51820740	-	-	chr18	51820757	-	147
CUP-Pairs8	INS	4	MantaINS:3:112681:112681:0:2:0	chr18	58655909	-	-	chr18	58655942	-	148
CUP-Pairs8	BND	4	MantaBND:3:870660:870661:0:0:0:0	chr17	15561912	 (-230,230)	MantaBND:3:870660:870661:0:0:0:1	chr17	18782914	-	125
CUP-Pairs8	DUP	4	MantaDUP:TANDEM:448488:0:0:3:0:0	chr22	17803191	 (0,3)	-	chr22	17803870	 (0,3)	151
CUP-Pairs8	BND	4	MantaBND:3:607343:738467:0:0:0:0	chr1	218491756	 (0,1)	MantaBND:3:607343:738467:0:0:0:1	chr1	218503068	-	13
CUP-Pairs8	DUP	4	MantaDUP:TANDEM:3:327883:327883:2:2:0	chr3	66794309	 (0,3)	-	chr3	66794413	 (0,3)	133
CUP-Pairs8	DUP	4	MantaDUP:TANDEM:3:930019:930019:1:0:0	chr19	49977066	-	-	chr19	49977217	-	150
CUP-Pairs8	BND	4	MantaBND:3:259837:493615:0:0:0:1	chr5	52130481	 (-259,259)	MantaBND:3:259837:493615:0:0:0:0	chr11	95924600	-	57
CUP-Pairs8	BND	4	MantaBND:113383:0:2:0:0:0:0	chr2	71815784	-	MantaBND:113383:0:2:0:0:0:1	chr2	71818275	-	24
CUP-Pairs8	BND	4	MantaBND:3:836809:836810:0:0:0:1	chr11	3433118	 (-388,388)	MantaBND:3:836809:836810:0:0:0:0	chr11	38361903	-	92
CUP-Pairs8	BND	4	MantaBND:367449:0:1:0:2:0:1	chr10	109418047	 (0,2)	MantaBND:367449:0:1:0:2:0:0	chr10	128011072	-	91
CUP-Pairs8	BND	4	MantaBND:3:196386:196387:0:0:0:1	chr2	189111701	 (0,2)	MantaBND:3:196386:196387:0:0:0:0	chr2	199350228	-	32
CUP-Pairs8	BND	4	MantaBND:3:585049:585049:1:0:0:0	chr9	114829739	 (-456,456)	MantaBND:3:585049:585049:1:0:0:1	chr9	114830025	-	85
CUP-Pairs8	BND	4	MantaBND:3:585049:585049:0:0:0:0	chr9	114829731	 (-572,572)	MantaBND:3:585049:585049:0:0:0:1	chr9	114830065	-	84
CUP-Pairs8	BND	4	MantaBND:3:180658:551501:0:0:0:1	chr8	127000449	-	MantaBND:3:180658:551501:0:0:0:0	chr8	127824569	-	78
CUP-Pairs8	BND	4	MantaBND:3:133254:181403:0:0:0:1	chr3	166510967	 (0,1)	MantaBND:3:133254:181403:0:0:0:0	chr3	176176295	-	43
CUP-Pairs8	BND	4	MantaBND:3:511934:511935:0:0:0:0	chr8	58734810	-	MantaBND:3:511934:511935:0:0:0:1	chr8	118628146	-	75
CUP-Pairs8	BND	4	MantaBND:3:180018:180020:0:0:0:1	chr3	185904986	 (0,5)	MantaBND:3:180018:180020:0:0:0:0	chr3	185912824	-	46
CUP-Pairs8	BND	4	MantaBND:3:269490:269490:0:0:0:0	chr7	102300911	-	MantaBND:3:269490:269490:0:0:0:1	chr7	102301405	-	70
CUP-Pairs8	BND	4	MantaBND:3:583713:583720:0:0:0:0	chr7	63290402	 (-314,315)	MantaBND:3:583713:583720:0:0:0:1	chr7	63457897	-	69
CUP-Pairs8	BND	4	MantaBND:3:182084:294781:0:0:0:0	chr4	66994924	 (0,2)	MantaBND:3:182084:294781:0:0:0:1	chr11	75397333	-	48
CUP-Pairs8	BND	4	MantaBND:3:486402:487158:0:0:0:0	chr6	130100788	 (0,6)	MantaBND:3:486402:487158:0:0:0:1	chr7	153668000	-	64
CUP-Pairs8	BND	4	MantaBND:3:129252:235163:0:0:0:0	chr4	122451156	 (0,2)	MantaBND:3:129252:235163:0:0:0:1	chr19	13441392	-	52
CUP-Pairs8	BND	4	MantaBND:3:194311:329830:0:0:0:0	chr6	31021333	 (-426,426)	MantaBND:3:194311:329830:0:0:0:1	chrX	103107297	-	62
CUP-Pairs8	BND	4	MantaBND:3:218372:313376:0:0:0:1	chr6	5868946	-	MantaBND:3:218372:313376:0:0:0:0	chr7	140796555	-	61
CUP-Pairs8	BND	4	MantaBND:280069:0:1:0:0:0:1	chr5	176054963	 (-363,363)	MantaBND:280069:0:1:0:0:0:0	chr5	176080870	-	60
CUP-Pairs8	BND	4	MantaBND:3:668852:669006:0:0:0:0	chr11	4913172	 (-233,233)	MantaBND:3:668852:669006:0:0:0:1	chr11	77219212	-	93
CUP-Pairs8	BND	4	MantaBND:3:275517:652133:0:0:0:1	chr11	15036592	-	MantaBND:3:275517:652133:0:0:0:0	chr11	38217301	-	94
CUP-Pairs8	BND	4	MantaBND:206688:1:2:0:0:0:1	chr11	16097534	 (0,1)	MantaBND:206688:1:2:0:0:0:0	chr11	110063908	-	95
CUP-Pairs8	BND	4	MantaBND:3:545855:652551:0:0:0:0	chr11	16874282	 (-266,267)	MantaBND:3:545855:652551:0:0:0:1	chr11	55361545	-	96
CUP-Pairs8	BND	4	MantaBND:3:198893:405519:0:0:0:1	chr16	22024778	 (0,2)	MantaBND:3:198893:405519:0:0:0:0	chr16	48533578	-	121
CUP-Pairs8	BND	4	MantaBND:3:951937:951939:1:0:0:0	chr14	85357050	 (-206,207)	MantaBND:3:951937:951939:1:0:0:1	chr14	85357899	-	119
CUP-Pairs8	BND	4	MantaBND:3:76191:777907:0:0:0:1	chr13	107989846	-	MantaBND:3:76191:777907:0:0:0:0	chrX	150916332	-	118
CUP-Pairs8	BND	4	MantaBND:194595:2:5:0:1:0:1	chr13	101163306	 (0,3)	MantaBND:194595:2:5:0:1:0:0	chr17	15067278	-	117
CUP-Pairs8	BND	4	MantaBND:3:125504:125508:0:0:0:1	chr2	86844818	 (0,2)	MantaBND:3:125504:125508:0:0:0:0	chr6	62637674	-	26
CUP-Pairs8	BND	4	MantaBND:3:69437:706789:0:1:0:1	chr12	32061021	 (0,3)	MantaBND:3:69437:706789:0:1:0:0	chr12	32066404	-	114
CUP-Pairs8	BND	4	MantaBND:250056:0:1:0:0:0:1	chr5	6495006	 (0,2)	MantaBND:250056:0:1:0:0:0:0	chr11	99001210	-	55
CUP-Pairs8	BND	4	MantaBND:3:25494:659358:0:0:0:0	chr11	87226659	-	MantaBND:3:25494:659358:0:0:0:1	chr11	98969912	-	107
CUP-Pairs8	BND	4	MantaBND:3:518984:850802:0:0:0:1	chr16	55337983	 (0,1)	MantaBND:3:518984:850802:0:0:0:0	chr19	12345487	-	123
CUP-Pairs8	BND	4	MantaBND:3:545546:677294:0:0:0:1	chr11	87108008	-	MantaBND:3:545546:677294:0:0:0:0	chr11	118207785	-	106
CUP-Pairs8	BND	4	MantaBND:3:672159:672161:0:0:0:0	chr11	74582797	 (0,2)	MantaBND:3:672159:672161:0:0:0:1	chr11	112513234	-	104
CUP-Pairs8	BND	4	MantaBND:3:85384:669008:0:0:0:1	chr11	68844966	 (0,9)	MantaBND:3:85384:669008:0:0:0:0	chr11	94758050	-	103
CUP-Pairs8	BND	4	MantaBND:3:674086:674543:0:0:0:0	chr11	57221574	-	MantaBND:3:674086:674543:0:0:0:1	chr11	86800608	-	102
CUP-Pairs8	BND	4	MantaBND:3:678901:678902:0:0:0:0	chr11	55314378	-	MantaBND:3:678901:678902:0:0:0:1	chr11	87194187	-	101
CUP-Pairs8	BND	4	MantaBND:3:152192:671522:0:1:0:1	chr11	55140390	-	MantaBND:3:152192:671522:0:1:0:0	chr11	91544051	-	100
CUP-Pairs8	BND	4	MantaBND:3:403447:674627:0:0:0:0	chr11	38342821	 (0,1)	MantaBND:3:403447:674627:0:0:0:1	chr11	87196018	-	99
CUP-Pairs8	BND	4	MantaBND:3:654379:654380:0:0:0:0	chr11	28626710	-	MantaBND:3:654379:654380:0:0:0:1	chr11	88173113	-	98
CUP-Pairs8	BND	4	MantaBND:3:114241:654367:0:0:0:1	chr11	28522330	 (0,2)	MantaBND:3:114241:654367:0:0:0:0	chr11	95929169	-	97
CUP-Pairs8	BND	4	MantaBND:3:674014:674015:0:0:0:1	chr11	82828038	 (-358,359)	MantaBND:3:674014:674015:0:0:0:0	chr11	106730102	-	105
CUP-Pairs8	BND	4	MantaBND:3:409909:607208:0:1:0:0	chr11	113102753	 (0,3)	MantaBND:3:409909:607208:0:1:0:1	chr22	41283288	-	111
DiploidNeverResponder	BND	2	MantaBND:114440:0:1:0:1:0:0	chr4	52635950	-	MantaBND:114440:0:1:0:1:0:1	chr9	134341650	-	3
DiploidNeverResponder	DEL	3	MantaDEL:123132:0:1:0:0:0	chr4	119397591	 (-550,551)	-	chr4	165281225	 (-279,280)	13
DiploidNeverResponder	BND	4	MantaBND:4:26417:26418:0:0:0:1	chr2	20245209	 (-580,581)	MantaBND:4:26417:26418:0:0:0:0	chr8	127292646	-	1
DiploidNeverResponder	BND	4	purple_34	chrX	58285001	 (-500,2000)	-	-	-	-	26
DiploidNeverResponder	DUP	4	MantaDUP:TANDEM:394893:0:1:0:0:0	chr18	61595565	 (0,2)	-	chr18	61595619	 (0,2)	25
DiploidNeverResponder	BND	4	purple_30	chr16	35923001	 (-500,500)	-	-	-	-	24
DiploidNeverResponder	BND	4	purple_29	chr16	34958000	 (-500,500)	-	-	-	-	23
DiploidNeverResponder	BND	4	purple_28	chr16	34252001	 (-167000,500)	-	-	-	-	22
DiploidNeverResponder	BND	4	purple_23	chr12	38033000	 (-500,5000)	-	-	-	-	21
DiploidNeverResponder	DEL	4	MantaDEL:287430:0:1:0:0:0	chr11	116131982	 (0,12)	-	chr11	116132267	-	20
DiploidNeverResponder	BND	4	purple_19	chr10	132781000	 (-500,500)	-	-	-	-	19
DiploidNeverResponder	DUP	4	MantaDUP:TANDEM:4:26417:26431:7:0:0	chr8	127304971	-	-	chr8	127661213	-	18
DiploidNeverResponder	DUP	4	MantaDUP:TANDEM:4:26417:26431:6:2:0	chr8	127304134	-	-	chr8	127659332	-	17
DiploidNeverResponder	DUP	4	MantaDUP:TANDEM:4:26417:26432:1:2:0	chr8	127293980	-	-	chr8	127664494	-	16
DiploidNeverResponder	BND	4	purple_13	chr7	63010000	 (-500,500)	-	-	-	-	14
DiploidNeverResponder	BND	4	purple_36	chrX	69554001	 (-500,500)	-	-	-	-	27
DiploidNeverResponder	DEL	4	MantaDEL:119316:2:2:0:2:0	chr4	87644437	 (0,18)	-	chr4	87644740	-	12
DiploidNeverResponder	BND	4	purple_6	chr3	123474001	 (-500,500)	-	-	-	-	11
DiploidNeverResponder	BND	4	purple_5	chr3	123302000	 (-500,500)	-	-	-	-	10
DiploidNeverResponder	BND	4	purple_4	chr3	90269001	 (-500,500)	-	-	-	-	9
DiploidNeverResponder	BND	4	purple_1	chr2	128659001	 (-500,500)	-	-	-	-	8
DiploidNeverResponder	BND	4	MantaBND:313677:0:2:0:0:0:1	chr13	18873630	 (-443,443)	MantaBND:313677:0:2:0:0:0:0	chr18	14186156	-	7
DiploidNeverResponder	BND	4	MantaBND:4:26417:26431:9:1:0:1	chr8	127306115	-	MantaBND:4:26417:26431:9:1:0:0	chr8	127661216	-	6
DiploidNeverResponder	BND	4	MantaBND:4:26417:26434:0:3:0:0	chr8	127297099	 (0,3)	MantaBND:4:26417:26434:0:3:0:1	chr8	127746160	-	5
DiploidNeverResponder	BND	4	MantaBND:193166:0:2:0:0:0:0	chr7	67226029	 (-469,469)	MantaBND:193166:0:2:0:0:0:1	chr7	72587937	-	4
DiploidNeverResponder	BND	4	MantaBND:4:26417:26438:0:2:0:1	chr2	20251797	 (0,1)	MantaBND:4:26417:26438:0:2:0:0	chr8	127306881	-	2
DiploidNeverResponder	DEL	4	MantaDEL:213624:0:1:0:0:0	chr8	22616697	 (0,6)	-	chr8	22616995	-	15
DiploidNeverResponder	BND	4	purple_39	chrX	153386000	 (-500,500)	-	-	-	-	28
SBJ00303	DEL	2	MantaDEL:259580:0:1:0:0:0	chr19	10141185	 (0,3)	-	chr19	10310704	 (0,3)	24
SBJ00303	DUP	3	MantaDUP:TANDEM:209803:0:0:1:0:0	chr13	92819445	 (0,1)	-	chr13	92820382	 (0,1)	21
SBJ00303	DUP	3	MantaDUP:TANDEM:89536:0:1:1:0:0	chr4	181201552	 (-383,383)	-	chr4	182486084	 (-378,378)	11
SBJ00303	DEL	3	MantaDEL:114231:0:1:1:0:0	chr6	58202252	 (-679,680)	-	chr6	60956539	 (-466,466)	14
SBJ00303	BND	4	MantaBND:51442:0:1:1:0:0:0	chr2	236357106	 (-354,354)	MantaBND:51442:0:1:1:0:0:1	chr2	236358618	-	1
SBJ00303	BND	4	purple_28	chr18	77408001	 (-500,500)	-	-	-	-	23
SBJ00303	DUP	4	MantaDUP:TANDEM:158296:0:0:2:0:0	chr14	90398933	-	-	chr14	90399760	-	22
SBJ00303	DUP	4	MantaDUP:TANDEM:185750:0:1:0:0:0	chr11	88406289	 (0,1)	-	chr11	88406645	 (0,1)	20
SBJ00303	DEL	4	MantaDEL:184620:0:1:0:0:0	chr11	75914513	 (0,8)	-	chr11	75915222	-	19
SBJ00303	BND	4	purple_15	chr11	59424001	 (-500,500)	-	-	-	-	18
SBJ00303	DEL	4	MantaDEL:103252:0:1:0:0:0	chr7	100821017	 (0,9)	-	chr7	100821385	-	17
SBJ00303	INS	4	MantaINS:126535:0:0:0:2:0	chr7	24046973	 (0,8)	-	chr7	24046973	 (0,8)	16
SBJ00303	DUP	4	MantaDUP:TANDEM:118191:0:0:0:0:0	chr6	110711868	 (0,3)	-	chr6	110712648	 (0,3)	15
SBJ00303	DUP	4	MantaDUP:TANDEM:98056:0:1:0:1:0	chr5	75311981	-	-	chr5	75312091	-	13
SBJ00303	INS	4	MantaINS:89536:0:0:2:4:0	chr4	181202509	 (0,9)	-	chr4	181202509	 (0,9)	12
SBJ00303	DUP	4	MantaDUP:TANDEM:4:4548:4550:0:0:0	chr4	45387816	 (0,3)	-	chr4	46297690	 (0,3)	10
SBJ00303	DEL	4	MantaDEL:56745:0:0:2:0:0	chr3	47267954	 (0,14)	-	chr3	47268665	-	9
SBJ00303	DUP	4	MantaDUP:TANDEM:46709:0:1:0:0:0	chr2	188213996	 (0,2)	-	chr2	188214262	 (0,2)	8
SBJ00303	BND	4	MantaBND:4:14044:38008:0:0:0:0	chr13	43837310	 (0,2)	MantaBND:4:14044:38008:0:0:0:1	chr13	43842298	-	7
SBJ00303	BND	4	MantaBND:190596:1:1:1:0:0:1	chr12	28497357	 (0,4)	MantaBND:190596:1:1:1:0:0:0	chr12	28497932	-	6
SBJ00303	BND	4	MantaBND:166083:1:2:0:0:0:1	chr10	4969716	 (-301,302)	MantaBND:166083:1:2:0:0:0:0	chr10	4998012	-	5
SBJ00303	BND	4	MantaBND:89536:1:1:2:2:0:0	chr4	182485393	 (0,2)	MantaBND:89536:1:1:2:2:0:1	chr4	182485799	-	4
SBJ00303	BND	4	MantaBND:89536:1:1:4:1:0:1	chr4	182485388	 (0,3)	MantaBND:89536:1:1:4:1:0:0	chr4	182485884	-	3
SBJ00303	BND	4	MantaBND:74446:0:1:0:0:0:0	chr4	21103796	 (-530,530)	MantaBND:74446:0:1:0:0:0:1	chr4	35459577	-	2
SBJ00303	DUP	4	MantaDUP:TANDEM:262848:0:0:2:0:0	chr19	22455384	-	-	chr19	22456269	-	25
SBJ00303	DUP	4	MantaDUP:TANDEM:4:50646:50647:0:0:0	chr19	56200440	 (-327,327)	-	chr19	56238634	 (-556,557)	26
SEQC50	BND	2	MantaBND:89006:0:1:0:1:0:1	chr16	78995416	 (0,1)	-	-	-	-	126
SEQC50	BND	2	MantaBND:29695:0:1:0:2:0:0	chr2	42208532	 (0,6)	-	-	-	-	125
SEQC50	BND	2	MantaBND:33340:0:1:0:1:0:0	chr2	80580562	 (0,3)	MantaBND:33340:0:1:0:1:0:1	chr3	149898454	-	7
SEQC50	DUP	2	MantaDUP:TANDEM:190527:0:1:0:0:0	chr12	6340381	 (0,2)	-	chr12	6350115	 (0,2)	93
SEQC50	BND	2	MantaBND:77772:0:1:0:0:0:0	chr4	88026232	 (0,1)	MantaBND:77772:0:1:0:0:0:1	chr6	20409990	-	17
SEQC50	BND	2	MantaBND:56682:0:1:0:0:0:1	chr3	71261239	 (0,1)	MantaBND:56682:0:1:0:0:0:0	chr3	82438440	-	13
SEQC50	DEL	3	MantaDEL:131290:0:0:0:0:0	chr7	99041399	-	-	chr7	99041913	-	83
SEQC50	DEL	3	MantaDEL:145627:0:1:0:0:0	chr8	71344801	 (0,3)	-	chr8	122827320	 (0,3)	85
SEQC50	DUP	3	MantaDUP:TANDEM:150257:0:1:0:0:0	chr8	124195488	-	-	chr8	133529087	-	89
SEQC50	DUP	3	MantaDUP:TANDEM:0:35245:35247:0:0:0	chr11	7157508	 (-173,174)	-	chr11	73816396	 (-185,186)	92
SEQC50	BND	3	MantaBND:64875:0:1:0:2:0:1	chr14	40910782	 (0,1)	MantaBND:64875:0:1:0:2:0:0	chr18	52939425	-	36
SEQC50	BND	3	MantaBND:175555:0:1:0:1:0:0	chr10	117643669	-	MantaBND:175555:0:1:0:1:0:1	chr17	31267179	-	32
SEQC50	DUP	3	MantaDUP:TANDEM:218127:0:1:0:0:0	chr14	85461270	 (0,3)	-	chr14	89728272	 (0,3)	97
SEQC50	DUP	3	MantaDUP:TANDEM:127670:0:1:0:0:0	chrX	48858592	 (-138,138)	-	chrX	53517316	 (-304,304)	117
SEQC50	DEL	4	MantaDEL:276297:0:0:0:2:0	chrX	736995	 (0,28)	-	chrX	737278	-	114
SEQC50	DEL	4	MantaDEL:282236:0:1:0:0:0	chrX	131679253	-	-	chrX	131680198	-	121
SEQC50	BND	4	purple_46	chr8	111666001	 (-500,500)	-	-	-	-	88
SEQC50	BND	4	purple_45	chr8	101301001	 (-500,500)	-	-	-	-	87
SEQC50	DUP	4	MantaDUP:TANDEM:147849:0:0:1:0:0	chr8	99034443	 (0,1)	-	chr8	99034973	 (0,1)	86
SEQC50	DEL	4	MantaDEL:282538:0:0:0:0:0	chrX	138908028	-	-	chrX	138908143	-	122
SEQC50	BND	4	purple_40	chr8	49714000	 (-500,500)	-	-	-	-	84
SEQC50	DUP	4	MantaDUP:TANDEM:282663:0:2:0:0:0	chrX	141236350	 (-173,174)	-	chrX	141692492	 (-153,153)	123
SEQC50	DUP	4	MantaDUP:TANDEM:128924:1:2:0:0:0	chr7	76340854	 (0,2)	-	chr7	76341746	 (0,2)	82
SEQC50	BND	4	purple_37	chr7	75436001	 (-500,87000)	-	-	-	-	81
SEQC50	DEL	4	MantaDEL:128641:0:0:2:0:0	chr7	74185865	-	-	chr7	74186252	-	80
SEQC50	BND	4	purple_36	chr7	57515000	 (-500,500)	-	-	-	-	79
SEQC50	BND	4	purple_23	chr6	63905000	 (-500,500)	-	-	-	-	78
SEQC50	DUP	4	MantaDUP:TANDEM:110466:0:1:0:0:0	chr6	53282874	 (0,1)	-	chr6	53283298	 (0,1)	77
SEQC50	DUP	4	MantaDUP:TANDEM:110440:0:1:0:0:0	chr6	52871435	-	-	chr6	52871493	-	76
SEQC50	DEL	4	MantaDEL:110334:0:1:0:0:0	chr6	51548986	-	-	chr6	51549237	-	75
SEQC50	DUP	4	MantaDUP:TANDEM:109524:0:1:0:1:0	chr6	40138377	 (0,1)	-	chr6	40138443	 (0,1)	74
SEQC50	DEL	4	MantaDEL:109349:0:0:0:0:0	chr6	37500270	 (0,2)	-	chr6	37500326	-	73
SEQC50	DUP	4	MantaDUP:TANDEM:5262:1:11:0:0:0	chr6	32626753	 (-319,319)	-	chr6	32628957	 (-185,185)	72
SEQC50	DEL	4	MantaDEL:5262:1:2:0:0:0	chr6	32626623	 (-249,249)	-	chr6	32628605	 (-145,146)	71
SEQC50	BND	4	purple_20	chr6	32502000	 (-9000,500)	-	-	-	-	70
SEQC50	DEL	4	MantaDEL:107611:0:3:0:0:0	chr6	29889366	 (-179,179)	-	chr6	29928012	 (-249,250)	69
SEQC50	INS	4	MantaINS:282892:0:0:0:2:0	chrX	145990558	 (0,1)	-	chrX	145990558	 (0,1)	124
SEQC50	BND	4	purple_53	chr9	123121001	 (-500,500)	-	-	-	-	90
SEQC50	DEL	4	MantaDEL:165356:0:0:0:0:0	chr10	7358414	 (0,11)	-	chr10	7358471	-	91
SEQC50	DUP	4	MantaDUP:TANDEM:281665:0:1:0:1:0	chrX	118888887	-	-	chrX	118888952	-	120
SEQC50	INS	4	MantaINS:279962:0:0:0:0:0	chrX	81542860	 (0,1)	-	chrX	81542860	-	119
SEQC50	DEL	4	MantaDEL:0:23076:23076:1:0:0	chr22	22828353	 (0,16)	-	chr22	22828691	-	113
SEQC50	DEL	4	MantaDEL:262758:0:1:0:0:0	chr20	13588380	 (0,1)	-	chr20	13588430	-	112
SEQC50	DEL	4	MantaDEL:278611:0:0:0:0:0	chrX	40542245	 (0,2)	-	chrX	40542313	-	116
SEQC50	BND	4	purple_81	chr19	48777000	 (-500,500)	-	-	-	-	111
SEQC50	DUP	4	MantaDUP:TANDEM:252137:0:1:0:0:0	chr18	63088623	 (0,1)	-	chr18	63088740	 (0,1)	110
SEQC50	BND	4	purple_72	chr17	79972001	 (-500,500)	-	-	-	-	109
SEQC50	DEL	4	MantaDEL:241137:0:0:0:0:0	chr17	36866965	-	-	chr17	36867037	-	108
SEQC50	DEL	4	MantaDEL:235731:0:1:0:0:0	chr16	75395841	 (-193,193)	-	chr16	75396801	 (-221,222)	107
SEQC50	INS	4	MantaINS:234947:0:0:0:0:0	chr16	64070911	 (0,3)	-	chr16	64070911	-	106
SEQC50	BND	4	purple_69	chr16	34597000	 (-500,500)	-	-	-	-	105
SEQC50	DEL	4	MantaDEL:277066:0:0:0:0:0	chrX	4990610	-	-	chrX	4990706	-	115
SEQC50	DEL	4	MantaDEL:233142:0:0:0:0:0	chr16	29852000	 (0,1)	-	chr16	29852193	-	104
SEQC50	DEL	4	MantaDEL:220547:10:17:0:0:0	chr14	106508667	 (-240,241)	-	chr14	106760234	 (-126,127)	102
SEQC50	DUP	4	MantaDUP:TANDEM:81274:1:19:0:0:0	chr14	106222014	 (-277,277)	-	chr14	106770277	 (-243,244)	101
SEQC50	DUP	4	MantaDUP:TANDEM:220566:2:4:0:0:0	chr14	106116817	 (-236,236)	-	chr14	106538084	 (-130,130)	100
SEQC50	DUP	4	MantaDUP:TANDEM:220529:0:1:1:0:0	chr14	106012201	 (-205,205)	-	chr14	106627645	 (-191,191)	99
SEQC50	DEL	4	MantaDEL:220529:0:1:0:0:0	chr14	106011931	 (-233,233)	-	chr14	106627261	 (-204,204)	98
SEQC50	DUP	4	MantaDUP:TANDEM:107611:0:4:0:0:0	chr6	29888986	 (-174,174)	-	chr6	29927822	 (-202,203)	68
SEQC50	BND	4	purple_62	chr14	64975001	 (-500,500)	-	-	-	-	96
SEQC50	BND	4	purple_60	chr13	37219001	 (-500,500)	-	-	-	-	95
SEQC50	INS	4	MantaINS:279414:0:0:0:0:0	chrX	68006821	 (0,2)	-	chrX	68006821	-	118
SEQC50	DEL	4	MantaDEL:198673:0:0:0:0:0	chr12	95219975	-	-	chr12	95220026	-	94
SEQC50	DEL	4	MantaDEL:232207:0:2:0:0:0	chr16	21321746	 (-164,165)	-	chr16	21326504	 (-184,185)	103
SEQC50	BND	4	purple_19	chr6	21308001	 (-500,500)	-	-	-	-	67
SEQC50	BND	4	MantaBND:0:13854:14057:0:0:0:1	chr1	19473209	 (-192,193)	MantaBND:0:13854:14057:0:0:0:0	chr6	32663872	-	1
SEQC50	DEL	4	MantaDEL:61997:0:0:0:1:0	chr6	3145184	-	-	chr6	3146327	-	65
SEQC50	BND	4	MantaBND:126672:0:1:0:0:0:1	chr7	57330132	-	MantaBND:126672:0:1:0:0:0:0	chr7	57335240	-	30
SEQC50	BND	4	MantaBND:126499:0:1:0:0:0:1	chr7	55820231	 (-175,175)	MantaBND:126499:0:1:0:0:0:0	chr8	94886688	-	29
SEQC50	BND	4	MantaBND:126375:0:1:0:0:0:1	chr7	54618592	-	MantaBND:126375:0:1:0:0:0:0	chr10	37277919	-	28
SEQC50	BND	4	MantaBND:123661:0:1:0:0:0:1	chr7	25976548	-	MantaBND:123661:0:1:0:0:0:0	chrX	3582684	-	27
SEQC50	BND	4	MantaBND:123334:0:1:1:0:0:1	chr7	21961445	 (-151,151)	MantaBND:123334:0:1:1:0:0:0	chr8	115743078	-	26
SEQC50	BND	4	MantaBND:0:26453:26457:0:0:0:1	chr7	20669941	 (-180,180)	MantaBND:0:26453:26457:0:0:0:0	chr16	74811147	-	25
SEQC50	BND	4	MantaBND:113737:0:1:0:0:0:1	chr6	94313711	-	MantaBND:113737:0:1:0:0:0:0	chr6	115452607	-	24
SEQC50	BND	4	MantaBND:111816:0:1:0:0:0:1	chr6	71792909	-	MantaBND:111816:0:1:0:0:0:0	chr6	71794097	-	23
SEQC50	BND	4	MantaBND:111629:0:1:0:0:0:0	chr6	69531484	 (0,2)	MantaBND:111629:0:1:0:0:0:1	chr6	69533117	-	22
SEQC50	BND	4	MantaBND:0:13027:13988:0:0:0:0	chr6	32591048	 (-230,231)	MantaBND:0:13027:13988:0:0:0:1	chr11	108643530	-	21
SEQC50	BND	4	MantaBND:0:13836:13878:0:0:0:1	chr6	32563208	 (-189,190)	MantaBND:0:13836:13878:0:0:0:0	chr20	1399934	-	20
SEQC50	BND	4	MantaBND:106104:0:2:0:0:0:0	chr6	13834742	 (-216,216)	MantaBND:106104:0:2:0:0:0:1	chr6	13865378	-	19
SEQC50	BND	4	MantaBND:149826:1:2:0:0:0:1	chr8	121390086	 (0,20)	MantaBND:149826:1:2:0:0:0:0	chr8	121391036	-	31
SEQC50	BND	4	MantaBND:82517:0:1:0:0:0:1	chr4	136899402	-	MantaBND:82517:0:1:0:0:0:0	chr4	139412951	-	18
SEQC50	BND	4	MantaBND:25667:1:2:0:0:0:0	chr3	122468658	 (0,3)	MantaBND:25667:1:2:0:0:0:1	chr3	128186689	-	15
SEQC50	BND	4	MantaBND:57731:0:1:0:0:0:1	chr3	80179601	-	MantaBND:57731:0:1:0:0:0:0	chr3	81962988	-	14
SEQC50	BND	4	MantaBND:55937:0:1:0:0:0:1	chr3	62761934	 (0,2)	MantaBND:55937:0:1:0:0:0:0	chr16	79254491	-	12
SEQC50	BND	4	MantaBND:54599:0:1:1:0:0:1	chr3	49181007	 (-223,224)	MantaBND:54599:0:1:1:0:0:0	chrX	31983004	-	11
SEQC50	BND	4	MantaBND:0:38287:38288:0:0:0:0	chr2	188114376	 (-239,240)	MantaBND:0:38287:38288:0:0:0:1	chr15	84597887	-	10
SEQC50	BND	4	MantaBND:33966:0:1:0:0:0:1	chr2	87312764	 (-159,160)	MantaBND:33966:0:1:0:0:0:0	chr2	111548957	-	9
SEQC50	BND	4	MantaBND:33716:0:1:0:0:0:1	chr2	84880592	 (0,1)	MantaBND:33716:0:1:0:0:0:0	chr7	112954603	-	8
SEQC50	BND	4	MantaBND:31819:0:1:0:0:0:1	chr2	63600701	 (0,3)	MantaBND:31819:0:1:0:0:0:0	chrX	63402356	-	6
SEQC50	BND	4	MantaBND:15123:2:3:0:0:0:1	chr1	167425529	 (0,1)	MantaBND:15123:2:3:0:0:0:0	chr1	169160690	-	5
SEQC50	BND	4	MantaBND:12668:0:1:0:0:0:0	chr1	118321759	 (0,4)	MantaBND:12668:0:1:0:0:0:1	chr14	96603756	-	4
SEQC50	BND	4	MantaBND:10541:0:1:0:0:0:1	chr1	96000149	-	MantaBND:10541:0:1:0:0:0:0	chr7	66439961	-	3
SEQC50	BND	4	MantaBND:9269:0:1:0:0:0:1	chr1	84446212	-	MantaBND:9269:0:1:0:0:0:0	chr6	88844792	-	2
SEQC50	BND	4	MantaBND:76741:0:1:0:0:0:0	chr4	77501892	-	MantaBND:76741:0:1:0:0:0:1	chr6	19728358	-	16
SEQC50	BND	4	MantaBND:0:11792:26498:0:0:0:0	chr10	120734007	 (-193,194)	MantaBND:0:11792:26498:0:0:0:1	chrX	32252914	-	33
SEQC50	BND	4	MantaBND:184289:0:1:0:0:0:1	chr11	70540270	 (0,2)	MantaBND:184289:0:1:0:0:0:0	chr22	22683177	-	34
SEQC50	BND	4	MantaBND:192458:0:2:0:0:0:1	chr12	23952536	 (0,4)	MantaBND:192458:0:2:0:0:0:0	chr13	37203692	-	35
SEQC50	DEL	4	MantaDEL:104780:0:0:0:0:0	chr6	675519	 (0,25)	-	chr6	675680	-	64
SEQC50	DUP	4	MantaDUP:TANDEM:92828:0:1:0:0:0	chr5	43356135	 (0,1)	-	chr5	43357013	 (0,1)	62
SEQC50	BND	4	purple_17	chr5	7919000	 (-500,500)	-	-	-	-	61
SEQC50	DUP	4	MantaDUP:TANDEM:80260:0:1:0:0:0	chr4	113888291	 (0,6)	-	chr4	113888691	 (0,6)	60
SEQC50	DUP	4	MantaDUP:TANDEM:0:11220:11220:2:0:0	chr4	83002459	 (0,3)	-	chr4	83002511	 (0,3)	59
SEQC50	DEL	4	MantaDEL:60050:0:1:0:0:0	chr3	107692637	 (-139,140)	-	chr3	107700899	 (-115,115)	58
SEQC50	BND	4	purple_13	chr3	78654000	 (-500,500)	-	-	-	-	57
SEQC50	BND	4	purple_7	chr2	25597001	 (-500,500)	-	-	-	-	56
SEQC50	BND	4	purple_6	chr1	169157001	 (-500,500)	-	-	-	-	55
SEQC50	INS	4	MantaINS:15123:2:2:0:3:0	chr1	167425530	-	-	chr1	167425550	-	54
SEQC50	DUP	4	MantaDUP:TANDEM:12651:0:1:0:1:0	chr1	118364670	 (0,1)	-	chr1	118365032	 (0,1)	53
SEQC50	DEL	4	MantaDEL:8691:0:1:0:0:0	chr1	78734293	 (0,2)	-	chr1	78734454	-	52
SEQC50	BND	4	MantaBND:135447:2:3:0:0:0:0	chrX	90276324	 (-132,132)	MantaBND:135447:2:3:0:0:0:1	chrY	3853166	-	51
SEQC50	BND	4	MantaBND:135447:1:3:0:0:0:0	chrX	90276249	 (-289,290)	MantaBND:135447:1:3:0:0:0:1	chrY	3844299	-	50
SEQC50	BND	4	MantaBND:280336:0:1:0:0:0:0	chrX	89732253	 (-153,153)	MantaBND:280336:0:1:0:0:0:1	chrY	3390408	-	49
SEQC50	BND	4	MantaBND:274101:1:2:0:0:0:0	chrX	56549656	 (0,2)	MantaBND:274101:1:2:0:0:0:1	chrX	56551255	-	48
SEQC50	BND	4	MantaBND:278716:0:1:0:0:0:0	chrX	43989215	 (-169,169)	MantaBND:278716:0:1:0:0:0:1	chrX	43993780	-	47
SEQC50	BND	4	MantaBND:277153:0:3:0:0:0:1	chrX	6219008	-	MantaBND:277153:0:3:0:0:0:0	chrX	6220343	-	46
SEQC50	BND	4	MantaBND:277126:0:1:0:0:0:1	chrX	5811084	 (0,5)	MantaBND:277126:0:1:0:0:0:0	chrX	5812566	-	45
SEQC50	BND	4	MantaBND:276868:0:1:0:0:0:1	chrX	3121504	 (-232,233)	MantaBND:276868:0:1:0:0:0:0	chrY	12237028	-	44
SEQC50	BND	4	MantaBND:0:38351:51752:0:1:0:1	chrX	1284728	 (0,12)	MantaBND:0:38351:51752:0:1:0:0	chrX	1288425	-	43
SEQC50	BND	4	MantaBND:274101:0:1:0:0:0:0	chr22	37134667	 (0,3)	MantaBND:274101:0:1:0:0:0:1	chrX	56551291	-	42
SEQC50	BND	4	MantaBND:157052:0:1:1:0:0:1	chr20	28606144	 (-196,197)	MantaBND:157052:0:1:1:0:0:0	chr20	29076991	-	41
SEQC50	BND	4	MantaBND:233676:0:1:0:0:0:1	chr16	47185390	 (-160,161)	MantaBND:233676:0:1:0:0:0:0	chr16	47681173	-	40
SEQC50	BND	4	MantaBND:232207:2:3:0:0:0:1	chr16	21322761	-	MantaBND:232207:2:3:0:0:0:0	chr16	21326533	-	39
SEQC50	BND	4	MantaBND:222735:1:2:0:0:0:0	chr15	36878164	 (0,2)	MantaBND:222735:1:2:0:0:0:1	chr15	36890188	-	38
SEQC50	BND	4	MantaBND:219413:0:1:0:0:0:1	chr14	96367003	 (0,1)	MantaBND:219413:0:1:0:0:0:0	chr15	91385148	-	37
SEQC50	DEL	4	MantaDEL:106598:0:1:0:0:0	chr6	19223800	 (-279,280)	-	chr6	19249863	 (-192,193)	66
SEQC50	DEL	4	MantaDEL:98300:0:1:0:0:0	chr5	110973382	 (0,2)	-	chr5	110973733	-	63
SFRC01073	BND	2	MantaBND:54694:0:1:0:3:0:0	chr3	71173395	 (0,24)	-	-	-	-	75
SFRC01073	BND	3	MantaBND:68222:2:3:0:0:0:1	chr4	25533456	 (0,1)	MantaBND:68222:2:3:0:0:0:0	chr20	50531078	-	18
SFRC01073	DEL	3	MantaDEL:102035:0:2:0:0:0	chr6	43727927	 (-232,232)	-	chr6	43979548	 (-213,213)	49
SFRC01073	BND	3	MantaBND:112410:0:1:0:0:0:0	chr10	59784932	 (-215,216)	MantaBND:112410:0:1:0:0:0:1	chr10	59795562	-	31
SFRC01073	DUP	3	MantaDUP:TANDEM:3828:1:2:9:0:0	chr11	67317635	 (-305,306)	-	chr11	67484548	 (-174,175)	62
SFRC01073	DEL	3	MantaDEL:3828:2:2:0:0:0	chr11	67483569	 (-244,245)	-	chr11	67484320	 (-227,227)	63
SFRC01073	BND	3	MantaBND:3828:1:2:2:3:0:1	chr11	67317257	 (0,4)	MantaBND:3828:1:2:2:3:0:0	chr11	67485148	-	32
SFRC01073	BND	3	MantaBND:44029:0:1:0:0:0:0	chr2	205497837	 (0,3)	MantaBND:44029:0:1:0:0:0:1	chr2	207551291	-	11
SFRC01073	BND	3	MantaBND:3828:2:2:12:0:0:1	chr11	67484173	 (-158,159)	MantaBND:3828:2:2:12:0:0:0	chr11	67485241	-	33
SFRC01073	DUP	3	MantaDUP:TANDEM:223176:3:5:0:0:0	chr17	17880289	 (-292,292)	-	chr17	27148144	 (-342,343)	68
SFRC01073	BND	3	MantaBND:15193:0:1:0:0:0:1	chr1	156879058	 (0,2)	MantaBND:15193:0:1:0:0:0:0	chr2	136205537	-	7
SFRC01073	DEL	3	MantaDEL:201260:1:1:1:0:0	chr20	47539546	-	-	chr20	47539783	-	71
SFRC01073	DEL	3	MantaDEL:254056:0:3:0:0:0	chr21	24412612	 (-243,243)	-	chr21	28445880	 (-188,189)	72
SFRC01073	BND	3	MantaBND:110892:1:2:0:0:0:0	chr6	151897544	-	MantaBND:110892:1:2:0:0:0:1	chr6	151905423	-	24
SFRC01073	DUP	4	MantaDUP:TANDEM:95320:1:2:0:0:0	chr5	171943433	 (0,3)	-	chr5	171944299	 (0,3)	48
SFRC01073	DUP	4	MantaDUP:TANDEM:137867:0:1:0:0:0	chr8	92732260	 (0,2)	-	chr8	92732662	 (0,2)	54
SFRC01073	DUP	4	MantaDUP:TANDEM:1:18898:36850:0:0:0	chr2	93108235	 (-162,162)	-	chr2	93897298	 (-128,129)	46
SFRC01073	DEL	4	MantaDEL:1:20886:20886:1:0:0	chr2	42014628	 (0,15)	-	chr2	42014775	-	45
SFRC01073	BND	4	MantaBND:260853:1:2:0:0:0:1	chrX	2324823	 (-135,136)	MantaBND:260853:1:2:0:0:0:0	chrX	2550366	-	44
SFRC01073	BND	4	purple_11	chr6	47258000	 (-500,500)	-	-	-	-	50
SFRC01073	INS	4	MantaINS:1:38644:38644:3:2:0	chr6	110807395	-	-	chr6	110807406	-	51
SFRC01073	BND	4	purple_14	chr7	854001	 (-500,500)	-	-	-	-	52
SFRC01073	INS	4	MantaINS:1:51644:51644:1:2:0	chr8	84836592	 (0,15)	-	chr8	84836592	 (0,15)	53
SFRC01073	DUP	4	MantaDUP:TANDEM:77029:1:3:0:0:0	chr4	143973345	 (-204,205)	-	chr4	144076663	 (-132,132)	47
SFRC01073	DEL	4	MantaDEL:166431:0:1:0:0:0	chr10	133144164	 (-326,327)	-	chr10	133305160	 (-169,169)	58
SFRC01073	BND	4	purple_19	chr9	3949000	 (-500,500)	-	-	-	-	56
SFRC01073	DUP	4	MantaDUP:TANDEM:157652:0:1:0:0:0	chr10	29778942	 (0,2)	-	chr10	30131306	 (0,2)	57
SFRC01073	BND	4	MantaBND:254624:0:1:0:0:0:0	chr21	31083905	-	MantaBND:254624:0:1:0:0:0:1	chr21	32888734	-	43
SFRC01073	DEL	4	MantaDEL:171226:0:0:0:0:0	chr11	55759529	 (0,3)	-	chr11	55759651	-	59
SFRC01073	DEL	4	MantaDEL:3828:1:1:7:0:0	chr11	67316976	-	-	chr11	67317248	-	60
SFRC01073	DUP	4	MantaDUP:TANDEM:3828:1:1:8:0:0	chr11	67316976	 (-208,209)	-	chr11	67317650	 (-239,240)	61
SFRC01073	BND	4	purple_22	chr11	69949001	 (-500,500)	-	-	-	-	64
SFRC01073	DUP	4	MantaDUP:TANDEM:187010:0:1:0:0:0	chr12	103298543	 (0,2)	-	chr12	103298858	 (0,2)	65
SFRC01073	DEL	4	MantaDEL:210963:1:1:1:0:0	chr15	77076167	-	-	chr15	77076303	-	66
SFRC01073	INS	4	MantaINS:20543:3:3:2:4:0	chr16	85477018	 (0,5)	-	chr16	85477018	 (0,5)	67
SFRC01073	INS	4	MantaINS:221948:1:1:0:3:0	chr20	23717401	-	-	chr20	23717409	-	69
SFRC01073	BND	4	purple_35	chr20	35658000	 (-500,500)	-	-	-	-	70
SFRC01073	BND	4	purple_40	chr21	32908001	 (-500,500)	-	-	-	-	73
SFRC01073	INS	4	MantaINS:141490:0:0:2:2:0	chr8	129136156	 (0,8)	-	chr8	129136156	 (0,8)	55
SFRC01073	BND	4	MantaBND:249741:0:1:0:0:0:1	chr20	35540030	 (0,4)	MantaBND:249741:0:1:0:0:0:0	chr20	35678421	-	42
SFRC01073	BND	4	MantaBND:4496:0:1:0:0:0:1	chr1	39622431	-	MantaBND:4496:0:1:0:0:0:0	chr8	95315894	-	1
SFRC01073	BND	4	MantaBND:239787:0:1:0:2:0:0	chr19	15600214	-	MantaBND:239787:0:1:0:2:0:1	chr19	15640546	-	40
SFRC01073	BND	4	MantaBND:1:1116:1117:1:0:0:0	chr1	55075051	 (0,4)	MantaBND:1:1116:1117:1:0:0:1	chr1	55391611	-	2
SFRC01073	BND	4	MantaBND:1:1116:1118:0:0:0:0	chr1	55391829	 (0,3)	MantaBND:1:1116:1118:0:0:0:1	chr7	1110595	-	3
SFRC01073	BND	4	MantaBND:6962:4:5:0:0:0:1	chr1	59503880	 (-164,165)	MantaBND:6962:4:5:0:0:0:0	chr7	139097299	-	4
SFRC01073	BND	4	MantaBND:1:8556:8557:0:0:0:1	chr1	152247270	-	MantaBND:1:8556:8557:0:0:0:0	chr12	117376530	-	5
SFRC01073	BND	4	MantaBND:15267:0:1:0:0:0:0	chr1	156633458	 (0,1)	MantaBND:15267:0:1:0:0:0:1	chr15	91054848	-	6
SFRC01073	BND	4	MantaBND:16335:0:1:0:0:0:1	chr1	168542957	 (-174,174)	MantaBND:16335:0:1:0:0:0:0	chr1	168579200	-	8
SFRC01073	BND	4	MantaBND:19870:2:3:0:0:0:1	chr1	205076342	 (-260,261)	MantaBND:19870:2:3:0:0:0:0	chr14	75142337	-	9
SFRC01073	BND	4	MantaBND:1:16039:16046:2:0:0:1	chr2	155671765	 (-204,204)	MantaBND:1:16039:16046:2:0:0:0	chr3	6791283	-	10
SFRC01073	BND	4	MantaBND:53807:0:1:0:0:0:0	chr3	61283998	 (0,4)	MantaBND:53807:0:1:0:0:0:1	chr3	61736935	-	12
SFRC01073	BND	4	MantaBND:58951:1:2:0:0:0:1	chr3	123874013	 (0,1)	MantaBND:58951:1:2:0:0:0:0	chr4	135528118	-	13
SFRC01073	BND	4	MantaBND:58951:0:1:0:0:0:1	chr3	123875803	 (-222,222)	MantaBND:58951:0:1:0:0:0:0	chr4	135528198	-	14
SFRC01073	BND	4	MantaBND:61977:0:1:0:0:0:0	chr3	157435508	-	MantaBND:61977:0:1:0:0:0:1	chr3	157486815	-	15
SFRC01073	BND	4	MantaBND:22091:3:4:0:0:0:0	chr3	198119796	 (-220,221)	MantaBND:22091:3:4:0:0:0:1	chr18	48360	-	16
SFRC01073	BND	4	MantaBND:66591:0:1:0:0:0:0	chr4	6686937	 (0,1)	MantaBND:66591:0:1:0:0:0:1	chr6	86852645	-	17
SFRC01073	BND	4	MantaBND:94067:0:2:1:0:0:1	chr5	158143375	 (-174,175)	MantaBND:94067:0:2:1:0:0:0	chr12	57410433	-	19
SFRC01073	BND	4	MantaBND:94067:0:1:2:0:0:1	chr5	158143506	-	MantaBND:94067:0:1:2:0:0:0	chr12	56818747	-	20
SFRC01073	BND	4	MantaBND:102035:1:2:0:0:0:0	chr6	43979866	 (-183,183)	MantaBND:102035:1:2:0:0:0:1	chr6	56286168	-	21
SFRC01073	BND	4	MantaBND:230184:0:1:0:0:0:1	chr17	79629261	 (0,2)	MantaBND:230184:0:1:0:0:0:0	chr17	79633038	-	39
SFRC01073	DEL	4	MantaDEL:255174:0:0:0:1:0	chr21	37214322	 (0,7)	-	chr21	37214435	-	74
SFRC01073	BND	4	MantaBND:223524:0:1:0:0:0:1	chr17	20836889	 (0,1)	MantaBND:223524:0:1:0:0:0:0	chr17	27707857	-	37
SFRC01073	BND	4	MantaBND:208606:0:1:0:0:0:1	chr15	49119713	 (-129,130)	MantaBND:208606:0:1:0:0:0:0	chr15	49120369	-	36
SFRC01073	BND	4	MantaBND:190270:0:1:0:0:0:0	chr13	19347978	 (-228,229)	MantaBND:190270:0:1:0:0:0:1	chr13	24537779	-	35
SFRC01073	BND	4	MantaBND:58723:25:41:0:0:0:1	chr12	107799085	 (-153,153)	MantaBND:58723:25:41:0:0:0:0	chr14	106591474	-	34
SFRC01073	BND	4	MantaBND:240133:0:1:0:0:0:1	chr19	17209196	 (0,3)	MantaBND:240133:0:1:0:0:0:0	chr19	17215371	-	41
SFRC01073	BND	4	MantaBND:147182:0:1:0:0:0:0	chr9	39562519	 (-150,151)	MantaBND:147182:0:1:0:0:0:1	chr9	66802295	-	30
SFRC01073	BND	4	MantaBND:143047:0:1:0:0:0:1	chr8	140958281	 (0,2)	MantaBND:143047:0:1:0:0:0:0	chr14	32297256	-	28
SFRC01073	BND	4	MantaBND:141490:1:2:0:2:0:1	chr8	129566923	 (0,1)	MantaBND:141490:1:2:0:2:0:0	chr8	129609231	-	27
SFRC01073	BND	4	MantaBND:141398:0:1:0:0:0:1	chr8	127959802	 (0,1)	MantaBND:141398:0:1:0:0:0:0	chr8	127964359	-	26
SFRC01073	BND	4	MantaBND:130576:0:2:2:0:0:0	chr8	19444552	-	MantaBND:130576:0:2:2:0:0:1	chr8	20085228	-	25
SFRC01073	BND	4	MantaBND:1:14952:31470:0:0:0:1	chr6	102813011	 (-144,144)	MantaBND:1:14952:31470:0:0:0:0	chr18	26346847	-	23
SFRC01073	BND	4	MantaBND:102035:3:12:0:0:0:0	chr6	57487577	 (-210,211)	MantaBND:102035:3:12:0:0:0:1	chr6	69764882	-	22
SFRC01073	BND	4	MantaBND:144341:0:1:0:0:0:1	chr9	3937026	 (0,1)	MantaBND:144341:0:1:0:0:0:0	chr9	3960546	-	29
SFRC01073	BND	4	MantaBND:6962:3:7:0:0:0:0	chr17	49465176	 (0,5)	MantaBND:6962:3:7:0:0:0:1	chr17	75650048	-	38
