run_1_start_id	run_1_start_chrom	run_1_start_pos	run_1_start_cipos	run_1_end_id	run_1_end_chrom	run_1_end_pos	run_1_end_cipos	sv_merge_id	run_2_start_id	run_2_start_chrom	run_2_start_pos	run_2_start_cipos	run_2_end_id	run_2_end_chrom	run_2_end_pos	run_2_end_cipos	sv_tier	svtype
MantaDEL:184811:0:1:0:0:0	chr11	77372719	 (0,2)	-	chr11	77830366	 (0,2)	193	MantaDEL:145739:0:1:0:0:0	chr11	77372719	 (0,2)	-	chr11	77830366	 (0,2)	2	DEL
MantaDEL:109319:0:1:0:0:0	chr6	15392899	 (0,1)	-	chr6	15490366	 (0,1)	161	MantaDEL:121742:0:1:0:0:0	chr6	15392899	 (0,1)	-	chr6	15490366	 (0,1)	2	DEL
MantaDEL:205190:0:1:0:0:0	chr13	32316043	 (0,4)	-	chr13	32666369	 (0,4)	233	MantaDEL:286766:0:1:0:0:0	chr13	32316043	 (0,4)	-	chr13	32666369	 (0,4)	2	DEL
MantaDUP:TANDEM:4:53546:53551:0:0:0	chr13	45036176	 (0,1)	-	chr13	48384286	 (0,1)	235	MantaDUP:TANDEM:0:39609:39611:0:0:0	chr13	45036176	 (0,1)	-	chr13	48384286	 (0,1)	2	DUP
MantaBND:4:53546:53552:0:0:0:1	chr13	48384298	-	MantaBND:4:53546:53552:0:0:0:0	chr13	55717692	-	94	MantaBND:0:39610:39611:0:0:0:1	chr13	48384298	-	MantaBND:0:39610:39611:0:0:0:0	chr13	55717692	-	3	BND
MantaDEL:190103:0:1:0:0:0	chr12	3759148	 (0,4)	-	chr12	23869427	 (0,4)	202	MantaDEL:239446:0:1:0:0:0	chr12	3759148	 (0,4)	-	chr12	23869427	 (0,4)	3	DEL
MantaDEL:190300:0:1:0:0:0	chr12	5578340	-	-	chr12	18921712	-	203	MantaDEL:239689:0:1:0:0:0	chr12	5578340	-	-	chr12	18921712	-	3	DEL
MantaDEL:190372:0:1:0:0:0	chr12	6301395	-	-	chr12	23594828	-	204	MantaDEL:239726:0:1:0:0:0	chr12	6301395	-	-	chr12	23594828	-	3	DEL
MantaDEL:4:40833:54466:0:0:0	chr12	7741980	-	-	chr12	17239851	-	205	MantaDEL:0:26843:33212:0:0:0	chr12	7741980	-	-	chr12	17239851	-	3	DEL
MantaDEL:191400:0:1:0:0:0	chr12	14096001	 (0,2)	-	chr12	38693026	 (0,2)	207	MantaDEL:240930:0:1:0:0:0	chr12	14096001	 (0,2)	-	chr12	38693026	 (0,2)	3	DEL
MantaDUP:TANDEM:191421:0:2:0:0:0	chr12	14418443	-	-	chr12	39122456	-	208	MantaDUP:TANDEM:240907:0:2:0:0:0	chr12	14418443	-	-	chr12	39122456	-	3	DUP
MantaDEL:191450:0:1:0:0:0	chr12	14619106	-	-	chr12	42166659	-	209	MantaDEL:241000:0:1:0:0:0	chr12	14619106	-	-	chr12	42166659	-	3	DEL
MantaDUP:TANDEM:4:54330:54337:0:1:0	chr12	19798097	 (0,2)	-	chr12	26160462	 (0,2)	212	MantaDUP:TANDEM:241455:0:3:0:0:0	chr12	19798097	 (0,2)	-	chr12	26160462	 (0,2)	3	DUP
MantaDUP:TANDEM:190095:0:1:0:0:0	chr12	3733174	-	-	chr12	23874239	-	201	MantaDUP:TANDEM:239472:0:1:0:0:0	chr12	3733174	-	-	chr12	23874239	-	3	DUP
MantaDEL:190596:1:2:0:1:0	chr12	23945725	-	-	chr12	28496913	-	214	MantaDEL:239954:1:2:0:0:0	chr12	23945725	-	-	chr12	28496890	-	3	DEL
MantaDUP:TANDEM:190587:1:2:0:0:0	chr12	24074820	-	-	chr12	43974602	-	215	MantaDUP:TANDEM:0:33433:33434:0:0:0	chr12	24074820	-	-	chr12	43974602	-	3	DUP
MantaDEL:4:54331:54336:0:0:0	chr12	24184726	-	-	chr12	41035355	-	216	MantaDEL:241455:5:6:0:0:0	chr12	24184726	-	-	chr12	41035355	-	3	DEL
MantaDUP:TANDEM:191579:1:2:0:0:0	chr12	28501036	-	-	chr12	32336888	-	220	MantaDUP:TANDEM:241095:1:2:0:0:0	chr12	28501036	-	-	chr12	32336888	-	3	DUP
MantaDUP:TANDEM:192864:0:1:0:1:0	chr12	28905080	 (0,4)	-	chr12	40363714	 (0,4)	221	MantaDUP:TANDEM:242404:0:1:0:0:0	chr12	28905080	 (0,4)	-	chr12	40363714	 (0,4)	3	DUP
MantaDUP:TANDEM:193103:1:2:0:0:0	chr12	31447010	-	-	chr12	42168886	-	222	MantaDUP:TANDEM:242647:1:2:0:0:0	chr12	31447010	-	-	chr12	42168886	-	3	DUP
MantaDEL:191579:2:4:0:0:0	chr12	17332875	 (-577,577)	-	chr12	32337451	 (-556,557)	211	MantaDEL:241095:2:4:0:0:0	chr12	17332871	 (-573,574)	-	chr12	32337455	 (-553,553)	3	DEL
MantaDEL:4:32765:32766:0:0:0	chr11	104341394	 (-558,559)	-	chr11	134585143	 (-414,415)	198	MantaDEL:0:18735:18736:0:0:0	chr11	104341391	 (-555,555)	-	chr11	134585227	 (-491,492)	3	DEL
MantaDEL:191579:4:5:0:0:0	chr12	17332796	-	-	chr12	39946867	-	210	MantaDEL:241095:3:4:0:0:0	chr12	17332796	-	-	chr12	39946867	-	3	DEL
MantaDEL:16731:0:1:0:0:0	chr1	147236951	-	-	chr1	147722886	-	108	MantaDEL:66708:0:1:0:0:0	chr1	147236951	-	-	chr1	147722886	-	3	DEL
MantaDEL:96645:0:1:0:0:0	chr5	58990805	 (0,3)	-	chr5	59254556	 (0,3)	151	MantaDEL:177492:0:1:0:1:0	chr5	58990805	 (0,3)	-	chr5	59254556	 (0,3)	3	DEL
MantaDEL:95090:0:1:0:0:0	chr5	38296306	 (0,3)	-	chr5	39159609	 (0,3)	150	MantaDEL:175959:0:1:0:0:0	chr5	38296306	 (0,3)	-	chr5	39159609	 (0,3)	3	DEL
MantaDEL:100437:0:1:0:0:0	chr5	104670453	-	-	chr5	110406935	-	158	MantaDEL:181281:0:1:0:0:0	chr5	104670453	-	-	chr5	110406935	-	3	DEL
MantaDEL:109785:0:1:0:0:0	chr6	19424258	-	-	chr6	24180138	-	162	MantaDEL:122224:0:1:0:0:0	chr6	19424258	-	-	chr6	24180138	-	3	DEL
MantaDEL:109974:0:1:0:0:0	chr6	21747842	 (0,4)	-	chr6	23192515	 (0,4)	163	MantaDEL:122396:0:1:0:0:0	chr6	21747842	 (0,4)	-	chr6	23192515	 (0,4)	3	DEL
MantaDEL:109974:0:2:0:0:0	chr6	21747987	 (-466,466)	-	chr6	23189950	 (-559,560)	164	MantaDEL:122396:0:2:0:0:0	chr6	21747983	 (-462,463)	-	chr6	23189954	 (-556,556)	3	DEL
MantaDEL:4:17192:17193:0:0:0	chr6	56217552	-	-	chr6	56231500	-	166	MantaDEL:127525:0:1:0:0:0	chr6	56217552	-	-	chr6	56231500	-	3	DEL
MantaDEL:83562:1:2:0:0:0	chr4	117736158	-	-	chr4	118147802	-	136	MantaDEL:42706:1:2:0:0:0	chr4	117736158	-	-	chr4	118147802	-	3	DEL
MantaDUP:TANDEM:132634:0:1:0:0:0	chr7	78182858	 (0,1)	-	chr7	78216881	 (0,1)	170	MantaDUP:TANDEM:111753:0:1:0:0:0	chr7	78182858	 (0,1)	-	chr7	78216881	 (0,1)	3	DUP
MantaDEL:122443:0:1:0:0:0	chr7	78210368	-	-	chr7	78212156	-	171	MantaDEL:111633:0:1:0:0:0	chr7	78210368	-	-	chr7	78212156	-	3	DEL
MantaDEL:75599:0:1:0:0:0	chr4	31958003	-	-	chr4	35226398	-	131	MantaDEL:34667:0:1:0:0:0	chr4	31958003	-	-	chr4	35226398	-	3	DEL
MantaDEL:4:1790:20912:0:0:0	chr7	84689733	 (0,1)	-	chr7	91817968	 (0,1)	172	MantaDEL:112362:0:1:0:0:0	chr7	84689733	 (0,1)	-	chr7	91817968	 (0,1)	3	DEL
MantaDUP:TANDEM:73156:0:1:0:0:0	chr4	8892218	-	-	chr4	35350187	-	129	MantaDUP:TANDEM:0:2665:2666:0:0:0	chr4	8892218	-	-	chr4	35350187	-	3	DUP
MantaDEL:73055:0:1:0:0:0	chr4	8056818	 (0,4)	-	chr4	32196040	 (0,4)	128	MantaDEL:31822:0:1:0:0:0	chr4	8056818	 (0,4)	-	chr4	32196040	 (0,4)	3	DEL
MantaDEL:134585:0:1:0:0:0	chr7	100747277	 (0,1)	-	chr7	122698561	 (0,1)	173	MantaDEL:113900:0:1:0:0:0	chr7	100747277	 (0,1)	-	chr7	122698561	 (0,1)	3	DEL
MantaDEL:70695:2:4:0:2:0	chr9	6870894	 (0,3)	-	chr9	7949348	 (0,3)	177	MantaDEL:265965:0:1:0:1:0	chr9	6870894	 (0,3)	-	chr9	7949348	 (0,3)	3	DEL
MantaDEL:161123:0:1:0:0:0	chr9	96328373	 (0,2)	-	chr9	96378418	 (0,2)	179	MantaDEL:272896:0:1:0:0:0	chr9	96328373	 (0,2)	-	chr9	96378418	 (0,2)	3	DEL
MantaDEL:46767:0:1:0:0:0	chr2	189151605	-	-	chr2	190064944	-	116	MantaDEL:1824:0:1:0:0:0	chr2	189151605	-	-	chr2	190064944	-	3	DEL
MantaDEL:36658:0:1:0:0:0	chr2	66590360	 (0,2)	-	chr2	67760467	 (0,2)	111	MantaDEL:86382:0:1:0:0:0	chr2	66590360	 (0,2)	-	chr2	67760467	 (0,2)	3	DEL
MantaDUP:TANDEM:191579:2:3:0:0:0	chr12	32337551	-	-	chr12	39946987	-	223	MantaDUP:TANDEM:241095:2:5:0:0:0	chr12	32337551	-	-	chr12	39946987	-	3	DUP
MantaDEL:193388:0:1:0:0:0	chr12	32819971	-	-	chr12	38849525	-	224	MantaDEL:243029:0:1:0:0:0	chr12	32819971	-	-	chr12	38849525	-	3	DEL
MantaDEL:97046:0:1:0:0:0	chr5	64165542	-	-	chr5	64327462	-	154	MantaDEL:177818:0:1:0:0:0	chr5	64165542	-	-	chr5	64327462	-	3	DEL
MantaDUP:TANDEM:193751:0:1:0:0:0	chr12	37950457	 (-923,924)	-	chr12	42759951	 (-586,586)	226	MantaDUP:TANDEM:243436:0:1:0:0:0	chr12	37950466	 (-914,915)	-	chr12	42759948	 (-581,582)	3	DUP
MantaDEL:216036:0:1:0:0:0	chr14	68107869	-	-	chr14	68472542	-	242	MantaDEL:26446:0:1:0:0:0	chr14	68107869	-	-	chr14	68472542	-	3	DEL
MantaDUP:TANDEM:287197:0:1:0:0:0	chrX	57672038	 (0,3)	-	chrX	93886308	 (0,3)	271	MantaDUP:TANDEM:259521:0:1:0:0:0	chrX	57672038	 (0,3)	-	chrX	93886308	 (0,3)	3	DUP
MantaDEL:214441:0:1:0:0:0	chr14	45339296	 (0,2)	-	chr14	46596408	 (0,2)	240	MantaDEL:24669:0:1:0:0:0	chr14	45339296	 (0,2)	-	chr14	46596408	 (0,2)	3	DEL
MantaDEL:211241:0:1:0:0:0	chr13	110155836	 (0,1)	-	chr13	110289522	 (0,1)	239	MantaDEL:293404:0:1:0:0:0	chr13	110155836	 (0,1)	-	chr13	110289522	 (0,1)	3	DEL
MantaDUP:TANDEM:243175:0:1:0:0:0	chr17	39710084	-	-	chr17	39862318	-	254	MantaDUP:TANDEM:14821:0:1:0:0:0	chr17	39710084	-	-	chr17	39862318	-	3	DUP
MantaBND:74385:0:1:0:0:0:1	chr4	20423483	-	MantaBND:74385:0:1:0:0:0:0	chr4	35711633	-	41	MantaBND:33382:0:1:0:0:0:1	chr4	20423483	-	MantaBND:33382:0:1:0:0:0:0	chr4	35711633	-	3	BND
MantaDUP:TANDEM:4:53549:53550:0:0:0	chr13	48043496	 (0,1)	-	chr13	48731589	 (0,1)	236	MantaDUP:TANDEM:0:30569:39608:0:0:0	chr13	48043496	 (0,1)	-	chr13	48731589	 (0,1)	3	DUP
MantaDUP:TANDEM:251395:0:1:0:0:0	chr18	23824983	 (0,1)	-	chr18	50632556	 (0,1)	256	MantaDUP:TANDEM:279193:0:1:0:0:0	chr18	23824983	 (0,1)	-	chr18	50632556	 (0,1)	3	DUP
MantaBND:168877:0:1:0:0:0:1	chr10	31430389	-	MantaBND:168877:0:1:0:0:0:0	chrX	31362759	-	63	MantaBND:216476:0:1:0:0:0:1	chr10	31430389	-	MantaBND:216476:0:1:0:0:0:0	chrX	31362759	-	3	BND
MantaDUP:TANDEM:193342:1:3:0:0:0	chr12	33819618	 (0,2)	-	chr12	38065828	 (0,2)	225	MantaDUP:TANDEM:0:33526:33538:0:0:0	chr12	33819618	 (0,2)	-	chr12	38065828	 (0,2)	3	DUP
MantaBND:71599:1:2:0:0:0:1	chr4	3338213	-	MantaBND:71599:1:2:0:0:0:0	chr4	20398863	-	40	MantaBND:30454:1:2:0:0:0:0	chr4	3338213	-	MantaBND:30454:1:2:0:0:0:1	chr4	20398863	-	3	BND
MantaDUP:TANDEM:194109:0:1:0:0:0	chr12	41895762	-	-	chr12	47030744	-	230	MantaDUP:TANDEM:243954:0:1:0:0:0	chr12	41895762	-	-	chr12	47030744	-	3	DUP
MantaDUP:TANDEM:287197:1:2:0:0:0	chrX	57674421	 (-541,542)	-	chrX	93886362	 (-591,591)	273	MantaDUP:TANDEM:259521:1:2:0:0:0	chrX	57674447	 (-515,516)	-	chrX	93886372	 (-534,534)	3	DUP
MantaDEL:193974:0:1:0:0:0	chr12	40199917	-	-	chr12	43639526	-	228	MantaDEL:0:33931:33932:0:0:0	chr12	40199917	-	-	chr12	43639526	-	3	DEL
MantaDEL:288071:0:1:0:0:0	chrX	75340485	 (0,1)	-	chrX	75391897	 (0,1)	274	MantaDEL:260623:0:1:0:0:0	chrX	75340485	 (0,1)	-	chrX	75391897	 (0,1)	3	DEL
MantaDUP:TANDEM:4:38007:38008:0:0:0	chr13	43842042	 (0,1)	-	chr13	48025039	 (0,1)	234	MantaDUP:TANDEM:0:39558:39559:0:0:0	chr13	43842042	 (0,1)	-	chr13	48025039	 (0,1)	3	DUP
MantaDEL:4:4167:4399:0:1:0	chr18	25285270	 (0,1)	-	chr18	25312113	 (0,1)	257	MantaDEL:279316:0:1:0:0:0	chr18	25285270	 (0,1)	-	chr18	25312113	 (0,1)	3	DEL
purple_27	chr18	51399000	 (-500,500)	-	-	-	-	258	purple_28	chr18	51399000	 (-500,500)	-	-	-	-	4	BND
purple_11	chr8	38464001	 (-500,500)	-	-	-	-	174	purple_11	chr8	38464001	 (-500,500)	-	-	-	-	4	BND
MantaDUP:TANDEM:147281:0:1:0:0:0	chr8	69047039	 (0,1)	-	chr8	69051322	 (0,1)	175	MantaDUP:TANDEM:232248:0:1:0:0:0	chr8	69047039	 (0,1)	-	chr8	69051322	 (0,1)	4	DUP
MantaDEL:149006:0:1:0:0:0	chr8	92270595	 (0,4)	-	chr8	92274788	 (0,4)	176	MantaDEL:234174:0:1:0:0:0	chr8	92270595	 (0,4)	-	chr8	92274788	 (0,4)	4	DEL
MantaDUP:TANDEM:4:45805:45805:1:0:0	chr17	81111163	 (0,2)	-	chr17	81112213	 (0,2)	255	MantaDUP:TANDEM:0:2615:2615:3:0:0	chr17	81111163	 (0,2)	-	chr17	81112213	 (0,2)	4	DUP
purple_29	chr18	78376001	 (-500,500)	-	-	-	-	260	purple_30	chr18	78376001	 (-500,500)	-	-	-	-	4	BND
MantaDEL:260824:0:1:0:0:0	chr19	14438056	 (0,7)	-	chr19	14438458	-	261	MantaDEL:155964:0:0:0:1:0	chr19	14438056	 (0,7)	-	chr19	14438458	-	4	DEL
purple_32	chr21	44406000	 (-500,1000)	-	-	-	-	267	purple_33	chr21	44406000	 (-500,1000)	-	-	-	-	4	BND
purple_30	chr19	27572001	 (-500,500)	-	-	-	-	263	purple_31	chr19	27572001	 (-500,500)	-	-	-	-	4	BND
MantaDEL:114169:0:1:0:0:0	chr6	57184770	 (0,2)	-	chr6	57308188	 (0,2)	167	MantaDEL:127602:0:1:0:0:0	chr6	57184770	 (0,2)	-	chr6	57308188	 (0,2)	4	DEL
purple_31	chr19	28943000	 (-500,500)	-	-	-	-	264	purple_32	chr19	28943000	 (-500,500)	-	-	-	-	4	BND
MantaDUP:TANDEM:109974:1:2:0:0:0	chr6	23189997	 (0,2)	-	chr6	23192843	 (0,2)	165	MantaDUP:TANDEM:122396:1:2:0:0:0	chr6	23189997	 (0,2)	-	chr6	23192843	 (0,2)	4	DUP
MantaDEL:277885:0:1:0:0:0	chr21	46362529	-	-	chr21	46536770	-	268	MantaDEL:193202:0:1:0:0:0	chr21	46362529	-	-	chr21	46536770	-	4	DEL
MantaDEL:287197:0:0:1:0:0	chrX	57671338	-	-	chrX	57672269	-	270	MantaDEL:259521:0:0:1:0:0	chrX	57671338	-	-	chrX	57672269	-	4	DEL
MantaDUP:TANDEM:103261:0:1:0:0:0	chr5	139165699	 (0,1)	-	chr5	139229098	 (0,1)	160	MantaDUP:TANDEM:184245:0:1:0:0:0	chr5	139165699	 (0,1)	-	chr5	139229098	 (0,1)	4	DUP
MantaDEL:102428:0:1:0:0:0	chr5	129894327	 (0,3)	-	chr5	129994223	 (0,3)	159	MantaDEL:183446:0:1:0:1:0	chr5	129894327	 (0,3)	-	chr5	129994223	 (0,3)	4	DEL
MantaDEL:287197:0:2:0:0:0	chrX	57672263	 (0,4)	-	chrX	57674522	 (0,4)	272	MantaDEL:259521:0:2:0:0:0	chrX	57672263	 (0,4)	-	chrX	57674522	 (0,4)	4	DEL
MantaDEL:100069:0:1:0:0:0	chr5	100091640	 (0,1)	-	chr5	101045792	 (0,1)	157	MantaDEL:180868:0:1:0:0:0	chr5	100091640	 (0,1)	-	chr5	101045792	 (0,1)	4	DEL
MantaDEL:99765:0:1:0:0:0	chr5	96228672	-	-	chr5	96445485	-	156	MantaDEL:180563:0:1:0:0:0	chr5	96228672	-	-	chr5	96445485	-	4	DEL
MantaDEL:4:40171:40173:0:0:0	chr6	124882334	 (0,2)	-	chr6	125303939	 (0,2)	169	MantaDEL:133292:0:1:0:0:0	chr6	124882334	 (0,2)	-	chr6	125303939	 (0,2)	4	DEL
MantaDEL:4:25779:25780:0:0:0	chr9	104527438	-	-	chr9	105037040	-	180	MantaDEL:0:6935:37880:0:0:0	chr9	104527438	-	-	chr9	105037040	-	4	DEL
MantaDEL:172436:0:1:0:0:0	chr10	75119712	-	-	chr10	75975845	-	187	MantaDEL:220497:0:1:0:0:0	chr10	75119712	-	-	chr10	75975845	-	4	DEL
MantaDEL:168102:0:1:0:0:0	chr10	23745398	 (0,3)	-	chr10	23747173	 (0,3)	183	MantaDEL:215609:0:1:0:0:0	chr10	23745398	 (0,3)	-	chr10	23747173	 (0,3)	4	DEL
purple_18	chr12	39100001	 (-500,500)	-	-	-	-	227	purple_19	chr12	39100001	 (-500,500)	-	-	-	-	4	BND
purple_19	chr12	40260001	 (-500,500)	-	-	-	-	229	purple_20	chr12	40260001	 (-500,500)	-	-	-	-	4	BND
MantaDUP:TANDEM:192639:0:1:0:0:0	chr12	26373387	-	-	chr12	26527243	-	217	MantaDUP:TANDEM:242158:0:1:0:0:0	chr12	26373387	-	-	chr12	26527243	-	4	DUP
MantaDUP:TANDEM:121429:13:14:0:0:0	chr12	41901342	-	-	chr12	42164273	-	231	MantaDUP:TANDEM:239939:1:2:0:0:0	chr12	41901342	-	-	chr12	42164273	-	4	DUP
purple_20	chr12	133050001	 (-500,500)	-	-	-	-	232	purple_21	chr12	133050001	 (-500,500)	-	-	-	-	4	BND
MantaDEL:99609:0:1:0:0:0	chr5	93622454	 (0,4)	-	chr5	93664035	 (0,4)	155	MantaDEL:180427:0:1:0:0:0	chr5	93622454	 (0,4)	-	chr5	93664035	 (0,4)	4	DEL
MantaDEL:119613:0:1:0:0:0	chr13	105805656	-	-	chr13	105809225	-	238	MantaDEL:292928:0:1:0:0:0	chr13	105805656	-	-	chr13	105809225	-	4	DEL
purple_21	chr14	46194000	 (-500,500)	-	-	-	-	241	purple_22	chr14	46194000	 (-500,500)	-	-	-	-	4	BND
MantaDEL:222943:0:1:0:0:0	chr15	47228708	 (0,1)	-	chr15	47665019	 (0,1)	244	MantaDEL:3075:0:1:0:0:0	chr15	47228708	 (0,1)	-	chr15	47665019	 (0,1)	4	DEL
MantaDEL:223590:0:1:0:0:0	chr15	55452313	-	-	chr15	55900559	-	245	MantaDEL:3739:0:1:0:0:0	chr15	55452313	-	-	chr15	55900559	-	4	DEL
purple_22	chr15	88603001	 (-500,500)	-	-	-	-	246	purple_23	chr15	88603001	 (-500,500)	-	-	-	-	4	BND
purple_23	chr16	15756000	 (-500,1000)	-	-	-	-	248	purple_24	chr16	15756000	 (-500,1000)	-	-	-	-	4	BND
purple_17	chr12	1465001	 (-500,500)	-	-	-	-	200	purple_18	chr12	1465001	 (-500,500)	-	-	-	-	4	BND
purple_16	chr11	134126001	 (-500,500)	-	-	-	-	199	purple_17	chr11	134126001	 (-500,500)	-	-	-	-	4	BND
purple_24	chr16	16002001	 (-500,500)	-	-	-	-	249	purple_25	chr16	16002001	 (-500,500)	-	-	-	-	4	BND
MantaDUP:TANDEM:185575:0:1:0:0:0	chr11	86869054	 (0,6)	-	chr11	86914097	 (0,6)	196	MantaDUP:TANDEM:0:18376:18377:0:0:0	chr11	86869054	 (0,6)	-	chr11	86914097	 (0,6)	4	DUP
MantaDUP:TANDEM:185490:0:1:0:0:0	chr11	85569993	 (0,6)	-	chr11	85609155	 (0,6)	195	MantaDUP:TANDEM:146523:0:1:0:0:0	chr11	85569993	 (0,6)	-	chr11	85609155	 (0,6)	4	DUP
MantaDEL:185393:0:1:0:0:0	chr11	84315195	-	-	chr11	84457878	-	194	MantaDEL:146449:0:1:0:0:0	chr11	84315195	-	-	chr11	84457878	-	4	DEL
MantaDEL:231654:0:1:0:0:0	chr16	17441105	 (0,6)	-	chr16	17441164	-	250	MantaDEL:301498:0:0:0:0:0	chr16	17441105	 (0,6)	-	chr16	17441164	-	4	DEL
MantaDUP:TANDEM:183065:0:1:0:0:0	chr11	65598556	 (0,2)	-	chr11	65759196	 (0,2)	192	MantaDUP:TANDEM:144027:0:1:0:0:0	chr11	65598556	 (0,2)	-	chr11	65759196	 (0,2)	4	DUP
purple_14	chr11	50335001	 (-500,30000)	-	-	-	-	190	purple_15	chr11	50335001	 (-500,30000)	-	-	-	-	4	BND
MantaDEL:180194:0:1:0:0:0	chr11	31672747	 (0,7)	-	chr11	31673089	-	189	MantaDEL:140811:0:0:0:0:0	chr11	31672747	 (0,7)	-	chr11	31673089	-	4	DEL
MantaDUP:TANDEM:236861:0:1:0:0:0	chr16	82681321	-	-	chr16	82944740	-	251	MantaDUP:TANDEM:306997:0:1:0:0:0	chr16	82681321	-	-	chr16	82944740	-	4	DUP
purple_25	chr17	7063000	 (-500,500)	-	-	-	-	252	purple_26	chr17	7063000	 (-500,500)	-	-	-	-	4	BND
purple_13	chr10	82058000	 (-500,500)	-	-	-	-	188	purple_14	chr10	82058000	 (-500,500)	-	-	-	-	4	BND
MantaDEL:168755:0:1:0:0:0	chr10	30769495	-	-	chr10	31292118	-	184	MantaDEL:216350:0:1:0:0:0	chr10	30769495	-	-	chr10	31292118	-	4	DEL
purple_26	chr17	19024000	 (-500,214000)	-	-	-	-	253	purple_27	chr17	19024000	 (-500,214000)	-	-	-	-	4	BND
purple_12	chr10	567001	 (-500,500)	-	-	-	-	182	purple_13	chr10	567001	 (-500,500)	-	-	-	-	4	BND
MantaBND:8341:0:1:0:0:0:1	chr1	43420466	-	MantaBND:8341:0:1:0:0:0:0	chr8	104255788	-	27	MantaBND:58583:0:1:0:0:0:1	chr1	43420466	-	MantaBND:58583:0:1:0:0:0:0	chr8	104255788	-	4	BND
purple_8	chr5	33195001	 (-500,500)	-	-	-	-	147	purple_8	chr5	33195001	 (-500,500)	-	-	-	-	4	BND
MantaDEL:96664:0:1:0:1:0	chr5	59219693	-	-	chr5	59307999	-	152	MantaDEL:177469:0:1:0:0:0	chr5	59219693	-	-	chr5	59307999	-	4	DEL
MantaBND:106533:0:1:0:0:0:0	chr5	172477037	-	MantaBND:106533:0:1:0:0:0:1	chr14	46217231	-	57	MantaBND:24725:0:1:0:0:0:1	chr5	172477037	-	MantaBND:24725:0:1:0:0:0:0	chr14	46217231	-	4	BND
MantaBND:106533:0:2:0:0:0:1	chr5	172477297	 (0,2)	MantaBND:106533:0:2:0:0:0:0	chr14	46836863	-	58	MantaBND:24725:1:2:0:0:0:1	chr5	172477297	 (0,2)	MantaBND:24725:1:2:0:0:0:0	chr14	46836863	-	4	BND
MantaBND:4:22406:22407:0:0:0:1	chr8	38561536	-	MantaBND:4:22406:22407:0:0:0:0	chr8	38573295	-	59	MantaBND:0:31227:31229:0:0:0:1	chr8	38561536	-	MantaBND:0:31227:31229:0:0:0:0	chr8	38573295	-	4	BND
MantaBND:4:22407:22409:0:1:0:1	chr8	38568674	-	MantaBND:4:22407:22409:0:1:0:0	chr8	38572864	-	60	MantaBND:0:31226:31229:0:1:0:1	chr8	38568674	-	MantaBND:0:31226:31229:0:1:0:0	chr8	38572864	-	4	BND
MantaBND:4:22408:22409:0:0:0:1	chr8	38569075	-	MantaBND:4:22408:22409:0:0:0:0	chr8	38571435	-	61	MantaBND:0:31226:31228:0:0:0:1	chr8	38569075	-	MantaBND:0:31226:31228:0:0:0:0	chr8	38571435	-	4	BND
MantaBND:169835:0:3:0:0:0:1	chr10	42407178	-	MantaBND:169835:0:3:0:0:0:0	chr10	42490677	-	64	MantaBND:217713:0:4:0:0:0:1	chr10	42407178	-	MantaBND:217713:0:4:0:0:0:0	chr10	42490677	-	4	BND
MantaBND:169835:2:3:0:0:0:0	chr10	42407392	 (-393,394)	MantaBND:169835:2:3:0:0:0:1	chr10	42492744	-	65	MantaBND:217713:0:2:0:0:0:0	chr10	42407389	 (-390,390)	MantaBND:217713:0:2:0:0:0:1	chr10	42492740	-	4	BND
MantaBND:4:29400:29401:0:1:0:1	chr10	76267195	-	MantaBND:4:29400:29401:0:1:0:0	chr20	63910476	-	66	MantaBND:0:9453:22832:0:2:0:0	chr10	76267195	-	MantaBND:0:9453:22832:0:2:0:1	chr20	63910476	-	4	BND
MantaBND:4:53547:53549:0:0:0:1	chr10	94632323	-	MantaBND:4:53547:53549:0:0:0:0	chr13	48731228	-	67	MantaBND:0:8317:30569:0:0:0:1	chr10	94632323	-	MantaBND:0:8317:30569:0:0:0:0	chr13	48731228	-	4	BND
MantaBND:182164:0:1:0:0:0:0	chr11	59411402	 (0,1)	MantaBND:182164:0:1:0:0:0:1	chr11	62914932	-	68	MantaBND:143000:0:1:0:0:0:0	chr11	59411402	 (0,1)	MantaBND:143000:0:1:0:0:0:1	chr11	62914932	-	4	BND
MantaBND:4:55203:55204:0:0:0:1	chr5	34986380	-	MantaBND:4:55203:55204:0:0:0:0	chr15	85724973	-	56	MantaBND:0:40897:40901:0:0:0:1	chr5	34986380	-	MantaBND:0:40897:40901:0:0:0:0	chr15	85724973	-	4	BND
MantaBND:182181:0:1:0:0:0:1	chr11	59415835	 (0,3)	MantaBND:182181:0:1:0:0:0:0	chr11	62443425	-	69	MantaBND:143038:0:1:0:0:0:1	chr11	59415835	 (0,3)	MantaBND:143038:0:1:0:0:0:0	chr11	62443425	-	4	BND
MantaBND:189656:0:1:0:0:0:0	chr12	744065	-	MantaBND:189656:0:1:0:0:0:1	chr12	754753	-	71	MantaBND:238984:0:1:0:0:0:1	chr12	744065	-	MantaBND:238984:0:1:0:0:0:0	chr12	754753	-	4	BND
MantaBND:190287:0:1:0:0:0:0	chr12	5470110	-	MantaBND:190287:0:1:0:0:0:1	chr12	38557275	-	72	MantaBND:239675:0:1:0:1:0:0	chr12	5470110	-	MantaBND:239675:0:1:0:1:0:1	chr12	38557275	-	4	BND
MantaBND:190095:1:2:0:1:0:0	chr12	7233654	-	MantaBND:190095:1:2:0:1:0:1	chr12	23874325	-	73	MantaBND:239472:1:2:0:0:0:1	chr12	7233654	-	MantaBND:239472:1:2:0:0:0:0	chr12	23874325	-	4	BND
MantaBND:190587:0:3:0:0:0:0	chr12	7448784	-	MantaBND:190587:0:3:0:0:0:1	chr12	42613018	-	74	MantaBND:239969:0:1:0:0:0:1	chr12	7448784	-	MantaBND:239969:0:1:0:0:0:0	chr12	42613018	-	4	BND
MantaBND:190596:0:1:0:0:0:1	chr12	7485206	-	MantaBND:190596:0:1:0:0:0:0	chr12	28498702	-	75	MantaBND:239954:0:1:0:0:0:1	chr12	7485206	-	MantaBND:239954:0:1:0:0:0:0	chr12	28498702	-	4	BND
MantaBND:190609:0:1:0:0:0:1	chr12	7606899	-	MantaBND:190609:0:1:0:0:0:0	chr12	13920755	-	76	MantaBND:240009:0:1:0:0:0:0	chr12	7606903	-	MantaBND:240009:0:1:0:0:0:1	chr12	13920755	-	4	BND
MantaBND:121429:12:13:0:0:0:1	chr12	7608559	 (0,1)	MantaBND:121429:12:13:0:0:0:0	chr12	41901340	-	77	MantaBND:239939:0:1:0:0:0:1	chr12	7608559	 (0,1)	MantaBND:239939:0:1:0:0:0:0	chr12	41901340	-	4	BND
MantaBND:191206:0:1:0:0:0:0	chr12	12289311	 (-584,585)	MantaBND:191206:0:1:0:0:0:1	chr12	39916414	-	78	MantaBND:240752:0:1:0:0:0:1	chr12	12289353	-	MantaBND:240752:0:1:0:0:0:0	chr12	39916480	-	4	BND
MantaBND:4:3116:35251:0:0:0:0	chr12	12375216	-	MantaBND:4:3116:35251:0:0:0:1	chr12	37460031	-	79	MantaBND:108787:1:2:0:0:0:0	chr12	12375216	-	MantaBND:108787:1:2:0:0:0:1	chr12	37460031	-	4	BND
MantaBND:191579:0:2:0:0:0:0	chr12	16093020	 (-519,519)	MantaBND:191579:0:2:0:0:0:1	chr12	32336410	-	80	MantaBND:241095:0:2:0:0:0:0	chr12	16093024	 (-514,515)	MantaBND:241095:0:2:0:0:0:1	chr12	32336436	-	4	BND
MantaBND:189443:0:1:0:0:0:0	chr11	132835164	 (0,2)	MantaBND:189443:0:1:0:0:0:1	chr11	134973966	-	70	MantaBND:150796:0:1:0:0:0:0	chr11	132835164	 (0,2)	MantaBND:150796:0:1:0:0:0:1	chr11	134973966	-	4	BND
MantaBND:191798:0:1:0:0:0:0	chr12	19085693	-	MantaBND:191798:0:1:0:0:0:1	chr12	29046071	-	81	MantaBND:241354:0:1:0:0:0:0	chr12	19085693	-	MantaBND:241354:0:1:0:0:0:1	chr12	29046071	-	4	BND
MantaBND:4:55203:55205:0:0:0:0	chr5	34986376	-	MantaBND:4:55203:55205:0:0:0:1	chr22	43892655	-	55	MantaBND:0:40900:40901:0:0:0:0	chr5	34986376	-	MantaBND:0:40900:40901:0:0:0:1	chr22	43892655	-	4	BND
MantaBND:90627:0:1:0:0:0:0	chr4	188753606	-	MantaBND:90627:0:1:0:0:0:1	chr4	188755634	-	53	MantaBND:50462:0:1:0:0:0:0	chr4	188753606	-	MantaBND:50462:0:1:0:0:0:1	chr4	188755634	-	4	BND
MantaBND:4:53523:53547:0:0:0:1	chr1	166705746	 (0,1)	MantaBND:4:53523:53547:0:0:0:0	chr10	94632135	-	28	MantaBND:0:8316:8317:0:0:0:1	chr1	166705746	 (0,1)	MantaBND:0:8316:8317:0:0:0:0	chr10	94632135	-	4	BND
MantaBND:4:53523:53548:0:0:0:1	chr1	166705747	 (0,1)	MantaBND:4:53523:53548:0:0:0:0	chr13	55245984	-	29	MantaBND:0:8316:8318:0:0:0:1	chr1	166705747	 (0,1)	MantaBND:0:8316:8318:0:0:0:0	chr13	55245984	-	4	BND
MantaBND:44406:0:1:0:0:0:1	chr2	155488287	-	MantaBND:44406:0:1:0:0:0:0	chr2	156017595	-	30	MantaBND:94169:0:1:0:0:0:1	chr2	155488287	-	MantaBND:94169:0:1:0:0:0:0	chr2	156017595	-	4	BND
MantaBND:44406:1:2:0:0:0:1	chr2	156016792	-	MantaBND:44406:1:2:0:0:0:0	chr2	181069568	-	31	MantaBND:94169:1:2:0:0:0:1	chr2	156016792	-	MantaBND:94169:1:2:0:0:0:0	chr2	181069568	-	4	BND
MantaBND:44474:0:1:0:0:0:1	chr2	156053684	-	MantaBND:44474:0:1:0:0:0:0	chr2	180337552	-	32	MantaBND:1177:4:6:0:0:0:0	chr2	156053684	-	MantaBND:1177:4:6:0:0:0:1	chr2	180337552	-	4	BND
MantaBND:44474:0:2:0:0:0:1	chr2	156054872	-	MantaBND:44474:0:2:0:0:0:0	chr4	181924743	-	33	MantaBND:1177:2:4:0:0:0:1	chr2	156054872	-	MantaBND:1177:2:4:0:0:0:0	chr4	181924743	-	4	BND
MantaBND:46124:1:2:0:1:0:1	chr2	180118788	-	MantaBND:46124:1:2:0:1:0:0	chr17	65805614	-	34	MantaBND:18590:0:1:0:0:0:0	chr2	180118788	-	MantaBND:18590:0:1:0:0:0:1	chr17	65805614	-	4	BND
MantaBND:46124:0:1:0:0:0:0	chr2	180126946	 (0,2)	MantaBND:46124:0:1:0:0:0:1	chr17	65805810	-	35	MantaBND:18590:0:2:0:0:0:1	chr2	180126946	 (0,2)	MantaBND:18590:0:2:0:0:0:0	chr17	65805810	-	4	BND
MantaBND:44474:3:6:0:0:0:0	chr3	57210430	 (0,2)	MantaBND:44474:3:6:0:0:0:1	chr3	57755261	-	36	MantaBND:1177:1:5:0:0:0:1	chr3	57210430	 (0,2)	MantaBND:1177:1:5:0:0:0:0	chr3	57755261	-	4	BND
MantaBND:44474:3:4:0:1:0:0	chr3	57210546	 (0,1)	MantaBND:44474:3:4:0:1:0:1	chr15	28453851	-	37	MantaBND:1177:0:1:0:0:0:1	chr3	57210546	 (0,1)	MantaBND:1177:0:1:0:0:0:0	chr15	28453851	-	4	BND
MantaBND:4:41398:41399:0:0:0:0	chr5	32355013	 (0,1)	MantaBND:4:41398:41399:0:0:0:1	chr15	85733329	-	54	MantaBND:0:22157:37141:0:0:0:0	chr5	32355013	 (0,1)	MantaBND:0:22157:37141:0:0:0:1	chr15	85733329	-	4	BND
MantaBND:44474:2:6:0:0:0:1	chr3	57755632	 (0,1)	MantaBND:44474:2:6:0:0:0:0	chr4	181924230	-	38	MantaBND:1177:2:5:0:0:0:0	chr3	57755632	 (0,1)	MantaBND:1177:2:5:0:0:0:1	chr4	181924230	-	4	BND
MantaBND:74446:0:2:0:1:0:1	chr4	21021094	-	MantaBND:74446:0:2:0:1:0:0	chr4	21104462	-	42	MantaBND:33480:0:2:0:0:0:1	chr4	21021094	-	MantaBND:33480:0:2:0:0:0:0	chr4	21104462	-	4	BND
MantaBND:74428:0:1:0:0:0:1	chr4	21229258	-	MantaBND:74428:0:1:0:0:0:0	chr4	34991627	-	44	MantaBND:33459:0:1:0:0:0:1	chr4	21229258	-	MantaBND:33459:0:1:0:0:0:0	chr4	34991627	-	4	BND
MantaBND:74602:0:1:0:0:0:1	chr4	22826081	 (0,2)	MantaBND:74602:0:1:0:0:0:0	chr4	35393481	-	45	MantaBND:33623:0:1:0:0:0:1	chr4	22826081	 (0,2)	MantaBND:33623:0:1:0:0:0:0	chr4	35393481	-	4	BND
MantaBND:75944:0:1:0:0:0:0	chr4	36103285	-	MantaBND:75944:0:1:0:0:0:1	chr4	112919684	-	46	MantaBND:34996:0:1:0:0:0:1	chr4	36103285	-	MantaBND:34996:0:1:0:0:0:0	chr4	112919684	-	4	BND
MantaBND:4:4549:4550:0:0:0:1	chr4	45303206	 (-540,540)	MantaBND:4:4549:4550:0:0:0:0	chr4	46297658	-	47	MantaBND:0:3371:3372:0:0:0:1	chr4	45303147	-	MantaBND:0:3371:3372:0:0:0:0	chr4	46297693	-	4	BND
MantaBND:4:4549:4551:0:0:0:1	chr4	45303645	-	MantaBND:4:4549:4551:0:0:0:0	chr4	46591617	-	48	MantaBND:0:3371:3373:0:0:0:0	chr4	45303645	-	MantaBND:0:3371:3373:0:0:0:1	chr4	46591617	-	4	BND
MantaBND:83103:0:1:0:0:0:1	chr4	112914567	-	MantaBND:83103:0:1:0:0:0:0	chr4	171076010	-	49	MantaBND:42517:0:1:0:0:0:1	chr4	112914567	-	MantaBND:42517:0:1:0:0:0:0	chr4	171076010	-	4	BND
MantaBND:83168:1:2:0:0:0:1	chr4	112937876	-	MantaBND:83168:1:2:0:0:0:0	chr4	170881727	-	50	MantaBND:42685:1:2:0:0:0:1	chr4	112937876	-	MantaBND:42685:1:2:0:0:0:0	chr4	170881727	-	4	BND
MantaBND:89536:0:1:0:1:0:0	chr4	181201831	 (0,3)	MantaBND:89536:0:1:0:1:0:1	chr4	182484885	-	51	MantaBND:49378:1:3:0:0:0:0	chr4	181201831	 (0,3)	MantaBND:49378:1:3:0:0:0:1	chr4	182484885	-	4	BND
MantaBND:89536:0:2:0:0:0:1	chr4	181202518	-	MantaBND:89536:0:2:0:0:0:0	chr4	182599924	-	52	MantaBND:49378:2:3:0:0:0:0	chr4	181202518	-	MantaBND:49378:2:3:0:0:0:1	chr4	182599924	-	4	BND
MantaBND:71599:0:1:0:0:0:1	chr4	641396	 (0,2)	MantaBND:71599:0:1:0:0:0:0	chr4	3337789	-	39	MantaBND:30454:0:1:0:0:0:1	chr4	641396	 (0,2)	MantaBND:30454:0:1:0:0:0:0	chr4	3337789	-	4	BND
MantaDUP:TANDEM:96705:0:1:0:0:0	chr5	59626564	 (0,2)	-	chr5	59737087	 (0,2)	153	MantaDUP:TANDEM:177558:0:1:0:0:0	chr5	59626564	 (0,2)	-	chr5	59737087	 (0,2)	4	DUP
MantaBND:191954:0:1:0:0:0:1	chr12	19923292	 (0,4)	MantaBND:191954:0:1:0:0:0:0	chr12	23137705	-	82	MantaBND:241463:0:1:0:2:0:1	chr12	19923292	 (0,4)	MantaBND:241463:0:1:0:2:0:0	chr12	23137705	-	4	BND
MantaBND:192788:0:1:0:0:0:1	chr12	27721378	-	MantaBND:192788:0:1:0:0:0:0	chr12	45019999	-	84	MantaBND:242348:0:1:0:0:0:0	chr12	27721378	-	MantaBND:242348:0:1:0:0:0:1	chr12	45019999	-	4	BND
MantaDEL:61750:0:1:0:1:0	chr3	97840630	 (0,3)	-	chr3	97924464	 (0,3)	122	MantaDEL:202891:0:1:0:0:0	chr3	97840630	 (0,3)	-	chr3	97924464	 (0,3)	4	DEL
MantaDEL:62685:0:0:0:0:0	chr3	108272910	 (0,2)	-	chr3	108273007	-	123	MantaDEL:78194:2:2:0:0:0	chr3	108272910	 (0,2)	-	chr3	108273007	-	4	DEL
MantaDEL:63462:0:1:0:2:0	chr3	117101810	-	-	chr3	117761527	-	124	MantaDEL:0:28242:28243:0:0:0	chr3	117101810	-	-	chr3	117761527	-	4	DEL
MantaDEL:66995:0:1:0:0:0	chr3	152242364	-	-	chr3	152443960	-	125	MantaDEL:208145:0:1:0:0:0	chr3	152242364	-	-	chr3	152443960	-	4	DEL
purple_2	chr4	998001	 (-500,500)	-	-	-	-	126	purple_2	chr4	998001	 (-500,500)	-	-	-	-	4	BND
purple_3	chr4	1949000	 (-500,500)	-	-	-	-	127	purple_3	chr4	1949000	 (-500,500)	-	-	-	-	4	BND
MantaDEL:73987:0:1:0:1:0	chr4	16477526	 (0,1)	-	chr4	16721892	 (0,1)	130	MantaDEL:32980:0:1:0:1:0	chr4	16477526	 (0,1)	-	chr4	16721892	 (0,1)	4	DEL
MantaDEL:4:4547:4548:0:0:0	chr4	44967462	 (0,3)	-	chr4	45387883	 (0,3)	133	MantaDEL:0:3369:3370:0:0:0	chr4	44967462	 (0,3)	-	chr4	45387883	 (0,3)	4	DEL
MantaDUP:TANDEM:77103:0:1:0:0:0	chr4	45016665	-	-	chr4	45306979	-	134	MantaDUP:TANDEM:36239:0:1:0:0:0	chr4	45016665	-	-	chr4	45306979	-	4	DUP
purple_4	chr4	106595001	 (-500,500)	-	-	-	-	135	purple_4	chr4	106595001	 (-500,500)	-	-	-	-	4	BND
MantaDEL:52640:0:1:0:0:0	chr3	3850568	 (0,2)	-	chr3	3987706	 (0,2)	120	MantaDEL:193724:0:1:0:0:0	chr3	3850568	 (0,2)	-	chr3	3987706	 (0,2)	4	DEL
MantaDUP:TANDEM:4:4958:4959:0:0:0	chr4	118949951	-	-	chr4	118980066	-	137	MantaDUP:TANDEM:0:4194:4195:0:0:0	chr4	118949951	-	-	chr4	118980066	-	4	DUP
MantaDUP:TANDEM:4:4958:4960:0:0:0	chr4	118952792	 (-643,644)	-	chr4	118980297	 (-417,417)	139	MantaDUP:TANDEM:0:4194:4196:0:0:0	chr4	118952795	 (-639,639)	-	chr4	118980305	 (-425,426)	4	DUP
MantaDEL:87091:0:1:0:0:0	chr4	156193659	 (0,3)	-	chr4	156809882	 (0,3)	140	MantaDEL:46750:0:1:0:0:0	chr4	156193659	 (0,3)	-	chr4	156809882	 (0,3)	4	DEL
MantaDEL:89536:0:3:0:0:0	chr4	181199044	 (-718,719)	-	chr4	181202552	 (-531,532)	141	MantaDEL:49378:0:3:0:0:0	chr4	181199043	 (-715,716)	-	chr4	181202554	 (-529,530)	4	DEL
purple_5	chr4	188398001	 (-500,500)	-	-	-	-	143	purple_5	chr4	188398001	 (-500,500)	-	-	-	-	4	BND
purple_6	chr5	1693000	 (-500,500)	-	-	-	-	144	purple_6	chr5	1693000	 (-500,500)	-	-	-	-	4	BND
purple_7	chr5	2714001	 (-500,500)	-	-	-	-	145	purple_7	chr5	2714001	 (-500,500)	-	-	-	-	4	BND
MantaDEL:94392:0:1:0:0:0	chr5	31902555	 (0,7)	-	chr5	31902824	-	146	MantaDEL:175217:0:0:0:0:0	chr5	31902555	 (0,7)	-	chr5	31902824	-	4	DEL
purple_33	chrX	99327000	 (-500,500)	-	-	-	-	275	purple_34	chrX	99327000	 (-500,500)	-	-	-	-	4	BND
purple_9	chr5	37557000	 (-500,500)	-	-	-	-	148	purple_9	chr5	37557000	 (-500,500)	-	-	-	-	4	BND
purple_10	chr5	37799001	 (-500,500)	-	-	-	-	149	purple_10	chr5	37799001	 (-500,500)	-	-	-	-	4	BND
MantaDEL:4:4959:4960:0:0:0	chr4	118950342	 (-339,340)	-	chr4	118952777	 (-486,486)	138	MantaDEL:0:4195:4196:0:0:0	chr4	118950354	 (-323,324)	-	chr4	118952784	 (-479,479)	4	DEL
MantaBND:192580:0:1:0:1:0:0	chr12	26035658	 (0,2)	MantaBND:192580:0:1:0:1:0:1	chr12	46950607	-	83	MantaBND:242118:0:1:0:0:0:0	chr12	26035658	 (0,2)	MantaBND:242118:0:1:0:0:0:1	chr12	46950607	-	4	BND
purple_1	chr2	240913000	 (-500,14000)	-	-	-	-	119	purple_1	chr2	240913000	 (-500,14000)	-	-	-	-	4	BND
MantaDEL:46772:0:1:0:0:0	chr2	189018186	 (0,2)	-	chr2	189112212	 (0,2)	115	MantaDEL:96540:0:1:0:0:0	chr2	189018186	 (0,2)	-	chr2	189112212	 (0,2)	4	DEL
MantaBND:190596:1:1:6:0:0:1	chr12	28497334	 (0,4)	MantaBND:190596:1:1:6:0:0:0	chr12	28498040	-	85	MantaBND:239954:1:1:5:1:0:1	chr12	28497334	 (0,4)	MantaBND:239954:1:1:5:1:0:0	chr12	28498040	-	4	BND
MantaBND:193133:0:1:0:0:0:0	chr12	31537964	-	MantaBND:193133:0:1:0:0:0:1	chr12	38840437	-	86	MantaBND:242589:0:1:0:0:0:0	chr12	31537964	-	MantaBND:242589:0:1:0:0:0:1	chr12	38840437	-	4	BND
MantaBND:193255:0:1:0:0:0:0	chr12	32620315	-	MantaBND:193255:0:1:0:0:0:1	chr12	39018741	-	87	MantaBND:242907:0:1:0:0:0:0	chr12	32620315	-	MantaBND:242907:0:1:0:0:0:1	chr12	39018741	-	4	BND
MantaBND:193342:0:1:0:0:0:0	chr12	32670530	 (-544,544)	MantaBND:193342:0:1:0:0:0:1	chr12	33819616	-	88	MantaBND:0:33525:33526:0:0:0:0	chr12	32670534	 (-539,540)	MantaBND:0:33525:33526:0:0:0:1	chr12	33819620	-	4	BND
MantaBND:193461:0:1:0:0:0:0	chr12	33934365	 (0,5)	MantaBND:193461:0:1:0:0:0:1	chr12	38063635	-	89	MantaBND:243089:0:1:0:0:0:0	chr12	33934365	 (0,5)	MantaBND:243089:0:1:0:0:0:1	chr12	38063635	-	4	BND
MantaBND:193764:0:1:0:0:0:1	chr12	38701597	-	MantaBND:193764:0:1:0:0:0:0	chr12	41249334	-	90	MantaBND:243630:0:1:0:0:0:1	chr12	38701597	-	MantaBND:243630:0:1:0:0:0:0	chr12	41249334	-	4	BND
MantaBND:4:9874:9874:4:0:0:1	chr12	133258001	 (0,2)	MantaBND:4:9874:9874:4:0:0:0	chr12	133259077	-	91	MantaBND:0:12876:12876:4:0:0:0	chr12	133258001	 (0,2)	MantaBND:0:12876:12876:4:0:0:1	chr12	133259077	-	4	BND
MantaBND:4:37827:37828:0:0:0:1	chr13	23921131	-	MantaBND:4:37827:37828:0:0:0:0	chr13	23936272	-	92	MantaBND:0:39340:39341:0:0:0:1	chr13	23921131	-	MantaBND:0:39340:39341:0:0:0:0	chr13	23936272	-	4	BND
MantaBND:4:53550:53551:0:0:0:0	chr13	45036371	 (0,1)	MantaBND:4:53550:53551:0:0:0:1	chr13	48043772	-	93	MantaBND:0:39608:39609:0:0:0:0	chr13	45036371	 (0,1)	MantaBND:0:39608:39609:0:0:0:1	chr13	48043772	-	4	BND
MantaBND:214565:0:1:0:0:0:1	chr14	46499422	-	MantaBND:214565:0:1:0:0:0:0	chr14	67340516	-	95	MantaBND:24806:0:1:0:0:0:1	chr14	46499422	-	MantaBND:24806:0:1:0:0:0:0	chr14	67340516	-	4	BND
MantaDEL:46968:0:1:0:0:0	chr2	191690134	 (0,3)	-	chr2	191730799	 (0,3)	117	MantaDEL:96765:0:1:0:0:0	chr2	191690134	 (0,3)	-	chr2	191730799	 (0,3)	4	DEL
MantaBND:214565:1:2:0:0:0:0	chr14	47573599	 (0,1)	MantaBND:214565:1:2:0:0:0:1	chr14	67340210	-	96	MantaBND:24806:1:2:0:0:0:1	chr14	47573599	 (0,1)	MantaBND:24806:1:2:0:0:0:0	chr14	67340210	-	4	BND
MantaBND:239670:0:1:0:0:0:1	chr17	8070880	 (0,1)	MantaBND:239670:0:1:0:0:0:0	chr17	19701465	-	98	MantaBND:10982:0:1:0:0:0:1	chr17	8070880	 (0,1)	MantaBND:10982:0:1:0:0:0:0	chr17	19701465	-	4	BND
MantaBND:251370:0:1:0:0:0:1	chr18	23616928	 (0,2)	MantaBND:251370:0:1:0:0:0:0	chr18	23828904	-	99	MantaBND:279123:0:1:0:0:0:1	chr18	23616928	 (0,2)	MantaBND:279123:0:1:0:0:0:0	chr18	23828904	-	4	BND
MantaBND:251370:1:2:0:0:0:0	chr18	23828668	 (0,1)	MantaBND:251370:1:2:0:0:0:1	chr18	50634265	-	100	MantaBND:279123:1:2:0:1:0:0	chr18	23828668	 (0,1)	MantaBND:279123:1:2:0:1:0:1	chr18	50634265	-	4	BND
MantaBND:4:50710:50711:0:0:0:1	chr20	349271	-	MantaBND:4:50710:50711:0:0:0:0	chr20	380965	-	101	MantaBND:0:20665:20666:0:0:0:1	chr20	349271	-	MantaBND:0:20665:20666:0:0:0:0	chr20	380965	-	4	BND
MantaBND:287197:2:2:0:0:0:1	chrX	57674523	 (0,3)	MantaBND:287197:2:2:0:0:0:0	chrX	57675413	-	102	MantaBND:259521:2:2:0:0:0:1	chrX	57674523	 (0,3)	MantaBND:259521:2:2:0:0:0:0	chrX	57675413	-	4	BND
MantaBND:287197:2:3:0:0:0:1	chrX	57675410	-	MantaBND:287197:2:3:0:0:0:0	chrX	93897155	-	103	MantaBND:259521:2:3:0:2:0:0	chrX	57675410	-	MantaBND:259521:2:3:0:2:0:1	chrX	93897155	-	4	BND
MantaDEL:2341:0:1:0:0:0	chr1	11050650	 (0,18)	-	chr1	11051035	-	104	MantaDEL:52837:0:0:0:0:0	chr1	11050650	 (0,18)	-	chr1	11051035	-	4	DEL
MantaDUP:TANDEM:15440:2:5:0:0:0	chr1	113344801	 (0,3)	-	chr1	113374567	 (0,3)	107	MantaDUP:TANDEM:0:23332:23333:0:0:0	chr1	113344801	 (0,3)	-	chr1	113374567	 (0,3)	4	DUP
MantaDEL:46018:0:0:1:0:0	chr2	178526693	 (0,1)	-	chr2	178526838	-	112	MantaDEL:95759:0:0:0:0:0	chr2	178526693	 (0,1)	-	chr2	178526838	-	4	DEL
purple_0	chr2	180992000	 (-500,500)	-	-	-	-	113	purple_0	chr2	180992000	 (-500,500)	-	-	-	-	4	BND
MantaBND:4:55204:55206:0:0:0:1	chr15	85725001	-	MantaBND:4:55204:55206:0:0:0:0	chr22	43882045	-	97	MantaBND:0:40896:40897:0:0:0:0	chr15	85725001	-	MantaBND:0:40896:40897:0:0:0:1	chr22	43882045	-	4	BND
MantaDEL:289895:0:1:0:0:0	chrX	111418053	-	-	chrX	111477871	-	276	MantaDEL:262772:0:1:0:0:0	chrX	111418053	-	-	chrX	111477871	-	4	DEL
