gene	cn_lower_ex	cn_upper_ex	cn_lower	cn_upper	cn_lower_diff	cn_upper_diff	chromosome	start	end
DDX11L1	True	True	1.8689/4.3754	1.8689/4.3754	2.5065	2.5065	chr1	11869	14409
WASH7P	True	True	1.8689/4.3754	1.8689/4.3754	2.5065	2.5065	chr1	14404	29570
MIR6859-1	True	True	1.8689/4.3754	1.8689/4.3754	2.5065	2.5065	chr1	17369	17436
MIR1302-2HG	True	True	1.8689/4.3754	1.8689/4.3754	2.5065	2.5065	chr1	29554	31097
MIR1302-2	True	True	1.8689/4.3754	1.8689/4.3754	2.5065	2.5065	chr1	30366	30503
FAM138A	True	True	1.8689/4.3754	1.8689/4.3754	2.5065	2.5065	chr1	34554	36081
OR4F5	True	True	1.8689/4.3754	1.8689/4.3754	2.5065	2.5065	chr1	69091	70008
FO538757.1	True	True	1.8689/4.3754	1.8689/4.3754	2.5065	2.5065	chr1	185217	195411
MIR6859-2	True	True	1.8689/4.3754	1.8689/4.3754	2.5065	2.5065	chr1	187891	187958
OR4F29	True	True	1.8689/4.3754	1.8689/4.3754	2.5065	2.5065	chr1	450740	451678
AL669831.3	True	True	1.8689/4.3754	1.8689/4.3754	2.5065	2.5065	chr1	585990	629008
MIR6723	True	True	1.8689/4.3754	1.8689/4.3754	2.5065	2.5065	chr1	632325	632413
OR4F16	True	True	1.8689/4.3754	1.8689/4.3754	2.5065	2.5065	chr1	685716	686654
FAM87B	True	True	1.8689/4.3754	1.8689/4.3754	2.5065	2.5065	chr1	817371	819837
LINC00115	True	True	1.8689/4.3754	1.8689/4.3754	2.5065	2.5065	chr1	826206	827522
LINC01128	True	True	1.8689/4.3754	1.8689/4.3754	2.5065	2.5065	chr1	827608	859446
FAM41C	True	True	1.8689/4.3754	1.8689/4.3754	2.5065	2.5065	chr1	868071	876903
AL645608.1	True	True	1.8689/4.3754	1.8689/4.3754	2.5065	2.5065	chr1	916865	921016
SAMD11	True	True	1.8689/4.3754	1.8689/4.3754	2.5065	2.5065	chr1	925738	944575
NOC2L	True	True	1.8689/4.3754	1.8689/4.3754	2.5065	2.5065	chr1	944204	959290
KLHL17	True	True	1.8689/4.3754	1.8689/4.3754	2.5065	2.5065	chr1	960587	965715
PLEKHN1	True	True	1.8689/4.3754	1.8689/4.3754	2.5065	2.5065	chr1	966497	975108
PERM1	True	True	1.8689/4.3754	1.8689/4.3754	2.5065	2.5065	chr1	975205	981029
HES4	True	True	1.8689/4.3754	1.8689/4.3754	2.5065	2.5065	chr1	998962	1000172
ISG15	True	True	1.8689/4.3754	1.8689/4.3754	2.5065	2.5065	chr1	1013423	1014540
AGRN	True	True	1.8689/4.3754	1.8689/4.3754	2.5065	2.5065	chr1	1020123	1056116
AL390719.1	True	True	1.8689/4.3754	1.8689/4.3754	2.5065	2.5065	chr1	1063079	1069355
RNF223	True	True	1.8689/4.3754	1.8689/4.3754	2.5065	2.5065	chr1	1070966	1074307
C1orf159	True	True	1.8689/4.3754	1.8689/4.3754	2.5065	2.5065	chr1	1081818	1116081
MTX1	True	False	3.0585/0.0808	3.0585/3.0798	2.9777	0.021300000000000097	chr1	155208699	155213823
GBAP1	True	False	3.0585/0.0808	3.0585/3.0798	2.9777	0.021300000000000097	chr1	155213821	155218924
POU2F1	True	False	1.1232/2.992	3.2174/3.2234	1.8688	0.005999999999999783	chr1	167220829	167427345
DCAF6	False	True	3.176/3.2234	3.2174/3.3614	0.047399999999999665	0.14400000000000013	chr1	167936818	168075834
GPR161	True	True	3.176/3.3614	3.176/3.3614	0.1854	0.1854	chr1	168079543	168137667
TIPRL	True	True	3.176/3.3614	3.176/3.3614	0.1854	0.1854	chr1	168178933	168202114
SFT2D2	True	True	3.176/3.3614	3.176/3.3614	0.1854	0.1854	chr1	168226008	168253025
ANKRD36BP1	True	True	3.176/3.3614	3.176/3.3614	0.1854	0.1854	chr1	168245565	168247343
TBX19	True	True	3.176/3.3614	3.176/3.3614	0.1854	0.1854	chr1	168281040	168314426
MIR557	True	True	3.176/3.3614	3.176/3.3614	0.1854	0.1854	chr1	168375524	168375621
XCL2	True	True	3.176/3.3614	3.176/3.3614	0.1854	0.1854	chr1	168540765	168543997
XCL1	True	True	3.176/3.3614	3.176/3.3614	0.1854	0.1854	chr1	168576473	168582077
DPT	True	True	3.176/3.3614	3.176/3.3614	0.1854	0.1854	chr1	168695459	168729264
LINC00626	True	True	3.176/3.3614	3.176/3.3614	0.1854	0.1854	chr1	168786939	168792886
LINC00970	True	True	3.176/3.3614	3.176/3.3614	0.1854	0.1854	chr1	168903905	169087005
AL031726.1	True	True	3.176/3.3614	3.176/3.3614	0.1854	0.1854	chr1	169104124	169104907
ATP1B1	True	True	3.176/3.3614	3.176/3.3614	0.1854	0.1854	chr1	169105697	169132722
NME7	True	False	3.176/3.3614	3.3815/3.3614	0.1854	0.020099999999999785	chr1	169132531	169367967
CFH	True	False	0.0014/3.3242	3.3201/3.3242	3.3228	0.0040999999999997705	chr1	196651878	196747504
CD8B	True	True	3.5619/3.3473	3.8652/3.5708	0.2145999999999999	0.2944	chr2	86815557	86861915
ANAPC1P1	True	True	3.8652/3.3473	3.8652/3.3473	0.5179	0.5179	chr2	86871301	86922693
RGPD1	True	True	3.8652/3.3473	3.8652/3.3473	0.5179	0.5179	chr2	86917615	87013981
PLGLB1	True	True	3.8652/3.3473	3.8652/3.3473	0.5179	0.5179	chr2	87012312	87021852
MIR4771-1	True	True	3.8652/3.3473	3.8652/3.3473	0.5179	0.5179	chr2	87194786	87194859
MIR4435-2HG	True	True	1.1177/1.244	1.1177/1.244	0.12630000000000008	0.12630000000000008	chr2	111237004	111239047
MIR4435-2	True	True	1.1177/1.244	1.1177/1.244	0.12630000000000008	0.12630000000000008	chr2	111321013	111321086
GULP1	True	True	3.7887/3.6785	3.7887/3.6785	0.11019999999999985	0.11019999999999985	chr2	188292832	188595926
MIR561	True	True	3.7887/3.6785	3.7887/3.6785	0.11019999999999985	0.11019999999999985	chr2	188297492	188297588
DIRC1	True	True	3.7887/3.6785	3.7887/3.6785	0.11019999999999985	0.11019999999999985	chr2	188734155	188790104
COL3A1	True	True	3.7887/3.6785	3.7887/3.6785	0.11019999999999985	0.11019999999999985	chr2	188974320	189012746
MIR1245A	True	True	3.7887/3.6785	3.7887/3.6785	0.11019999999999985	0.11019999999999985	chr2	188978092	188978161
MIR1245B	True	True	3.7887/3.6785	3.7887/3.6785	0.11019999999999985	0.11019999999999985	chr2	188978093	188978161
MIR3606	True	True	3.7887/3.6785	3.7887/3.6785	0.11019999999999985	0.11019999999999985	chr2	188995630	188995692
COL5A2	True	True	3.7887/3.6785	3.7887/3.6785	0.11019999999999985	0.11019999999999985	chr2	189031896	189179879
MIR3129	True	True	3.7887/3.6785	3.7887/3.6785	0.11019999999999985	0.11019999999999985	chr2	189133036	189133111
WDR75	True	True	3.7887/3.6785	3.7887/3.6785	0.11019999999999985	0.11019999999999985	chr2	189441433	189475565
SLC40A1	True	True	3.7887/3.6785	3.7887/3.6785	0.11019999999999985	0.11019999999999985	chr2	189560579	189580887
ASNSD1	True	True	3.7887/3.6785	3.7887/3.6785	0.11019999999999985	0.11019999999999985	chr2	189661420	189670831
ANKAR	True	True	3.7887/3.6785	3.7887/3.6785	0.11019999999999985	0.11019999999999985	chr2	189675985	189746644
OSGEPL1	True	True	3.7887/3.6785	3.7887/3.6785	0.11019999999999985	0.11019999999999985	chr2	189746660	189762767
ORMDL1	True	True	3.7887/3.6785	3.7887/3.6785	0.11019999999999985	0.11019999999999985	chr2	189770324	189783382
PMS1	True	True	3.7887/3.6785	3.7887/3.6785	0.11019999999999985	0.11019999999999985	chr2	189784381	189877629
MSTN	True	True	3.7887/3.6785	3.7887/3.6785	0.11019999999999985	0.11019999999999985	chr2	190055697	190062729
C2orf88	True	True	3.7887/3.6785	3.7887/3.6785	0.11019999999999985	0.11019999999999985	chr2	190180863	190203484
HIBCH	True	True	3.7887/3.6785	3.7887/3.6785	0.11019999999999985	0.11019999999999985	chr2	190204634	190320045
INPP1	True	True	3.7887/3.6785	3.7887/3.6785	0.11019999999999985	0.11019999999999985	chr2	190343470	190371664
MFSD6	True	True	3.7887/3.6785	3.7887/3.6785	0.11019999999999985	0.11019999999999985	chr2	190408355	190502315
NEMP2	True	True	3.7887/3.6785	3.7887/3.6785	0.11019999999999985	0.11019999999999985	chr2	190504342	190534722
NAB1	True	True	3.7887/3.6785	3.7887/3.6785	0.11019999999999985	0.11019999999999985	chr2	190649233	190692766
GLS	True	True	3.7887/3.6785	3.7887/3.6785	0.11019999999999985	0.11019999999999985	chr2	190880827	190965552
STAT1	True	True	3.7887/3.6785	3.7887/3.6785	0.11019999999999985	0.11019999999999985	chr2	190969034	191014250
STAT4	True	True	3.7887/3.6785	3.7887/3.6785	0.11019999999999985	0.11019999999999985	chr2	191029580	191151260
AC067945.3	True	True	3.7887/3.6785	3.7887/3.6785	0.11019999999999985	0.11019999999999985	chr2	191030751	191032314
LINC02070	True	True	3.5757/3.4292	3.5757/3.4292	0.14650000000000007	0.14650000000000007	chr3	86481943	86496996
VGLL3	True	True	3.5757/3.4292	3.5757/3.4292	0.14650000000000007	0.14650000000000007	chr3	86937969	86991107
LINC00506	True	True	3.5757/3.4292	3.5757/3.4292	0.14650000000000007	0.14650000000000007	chr3	87089280	87098702
MIR4795	True	True	3.5757/3.4292	3.5757/3.4292	0.14650000000000007	0.14650000000000007	chr3	87226189	87226277
CHMP2B	True	True	3.5757/3.4292	3.5757/3.4292	0.14650000000000007	0.14650000000000007	chr3	87227285	87255499
POU1F1	True	True	3.5757/3.4292	3.5757/3.4292	0.14650000000000007	0.14650000000000007	chr3	87259741	87276504
ALG1L2	True	False	3.9223/-0.1054	3.9223/3.916	4.0277	0.006299999999999972	chr3	130081831	130098390
AC019133.2	True	True	2.675/2.4847	2.675/2.4847	0.1902999999999997	0.1902999999999997	chr4	58524515	58536328
LINC02429	True	True	2.675/2.4847	2.675/2.4847	0.1902999999999997	0.1902999999999997	chr4	58984282	59046957
AC097501.1	True	True	2.675/2.4847	2.675/2.4847	0.1902999999999997	0.1902999999999997	chr4	58987182	58988118
CEP72	False	True	5.6493/5.6377	5.7974/5.9751	0.011600000000000499	0.17770000000000064	chr5	612272	653553
TPPP	True	True	5.7974/5.9751	5.7974/5.9751	0.17770000000000064	0.17770000000000064	chr5	659862	693395
ZDHHC11B	False	True	5.7974/5.7609	5.7974/5.9751	0.03649999999999931	0.17770000000000064	chr5	711808	766952
OCLN	True	False	2.1255/0.0076	2.1255/2.1274	2.1179	0.0019000000000000128	chr5	69492292	69558104
GTF2H2C	True	False	2.1255/0.0076	2.1255/2.1274	2.1179	0.0019000000000000128	chr5	69560242	69593767
SERF1B	True	False	2.1255/0.0076	2.1255/2.1274	2.1179	0.0019000000000000128	chr5	70025269	70043113
SMN2	True	False	2.1255/0.0076	2.1255/2.1274	2.1179	0.0019000000000000128	chr5	70049612	70077592
SERF1A	True	False	2.1255/0.0076	2.1255/2.1274	2.1179	0.0019000000000000128	chr5	70900687	70918530
SMN1	True	False	2.1255/0.0076	2.1255/2.1274	2.1179	0.0019000000000000128	chr5	70925030	70953012
NAIP	True	False	2.1255/0.0076	2.1255/2.1274	2.1179	0.0019000000000000128	chr5	70968483	71024687
C6orf10	False	True	1.0193/1.0375	2.1994/2.0781	0.018199999999999994	0.12129999999999974	chr6	32292698	32371879
HCG23	True	True	2.1994/2.0781	2.1994/2.0781	0.12129999999999974	0.12129999999999974	chr6	32390510	32393686
BTNL2	True	True	2.1994/2.0781	2.1994/2.0781	0.12129999999999974	0.12129999999999974	chr6	32393963	32407128
HLA-DRA	True	True	2.1994/2.0781	2.1994/2.0781	0.12129999999999974	0.12129999999999974	chr6	32439842	32445046
HLA-DRB5	True	True	-0.4649/2.0781	-0.4649/2.0781	2.543	2.543	chr6	32517343	32530287
HLA-DRB6	True	True	-0.4649/0.1105	-0.4649/2.0781	0.5754	2.543	chr6	32552713	32560002
HLA-DRB1	True	True	3.5193/0.0055	3.5193/2.0781	3.5138	1.4411999999999998	chr6	32578769	32589848
HLA-DQA1	True	True	1.6806/2.0781	1.6806/2.0781	0.39749999999999996	0.39749999999999996	chr6	32637357	32643652
HLA-DQB1	True	False	1.6806/2.0781	2.123/2.0781	0.39749999999999996	0.04490000000000016	chr6	32659467	32666684
HLA-DQB1-AS1	True	True	1.6806/2.0781	1.6806/2.0781	0.39749999999999996	0.39749999999999996	chr6	32659880	32660729
PXT1	True	False	0.4627/0.5779	2.0815/2.1343	0.11519999999999997	0.05279999999999996	chr6	36390551	36442889
SMOC2	True	True	2.6506/2.5022	2.6506/2.5022	0.14839999999999964	0.14839999999999964	chr6	168441151	168667994
TMEM196	True	False	2.3059/2.1781	2.7331/2.7263	0.1277999999999997	0.006799999999999695	chr7	19719316	19773393
MACC1	True	True	2.3059/2.1781	2.3059/2.1781	0.1277999999999997	0.1277999999999997	chr7	20134655	20217390
MACC1-AS1	True	True	2.3059/2.1781	2.3059/2.1781	0.1277999999999997	0.1277999999999997	chr7	20141916	20153531
AC005083.1	True	True	2.3059/2.1781	2.3059/2.1781	0.1277999999999997	0.1277999999999997	chr7	20217586	20221692
AC099342.1	True	True	2.3059/2.1781	2.3059/2.1781	0.1277999999999997	0.1277999999999997	chr7	20296708	20311712
ITGB8	True	True	2.3059/2.1781	2.3059/2.1781	0.1277999999999997	0.1277999999999997	chr7	20331123	20415754
ABCB5	False	True	2.0794/2.1781	2.3059/2.1781	0.09870000000000001	0.1277999999999997	chr7	20615207	20757009
SEC61G	True	True	3.0563/2.9162	3.0563/2.9162	0.1400999999999999	0.1400999999999999	chr7	54752253	54759974
EGFR	True	True	3.0563/2.9162	3.0563/2.9162	0.1400999999999999	0.1400999999999999	chr7	55019101	55211628
EGFR-AS1	True	True	3.0563/2.9162	3.0563/2.9162	0.1400999999999999	0.1400999999999999	chr7	55179750	55188934
LANCL2	True	True	3.0563/2.9162	3.0563/2.9162	0.1400999999999999	0.1400999999999999	chr7	55365448	55433742
VOPP1	True	True	3.0563/2.9162	3.0563/2.9162	0.1400999999999999	0.1400999999999999	chr7	55470613	55572525
FKBP9P1	True	True	3.0563/2.9162	3.0563/2.9162	0.1400999999999999	0.1400999999999999	chr7	55681074	55689301
SEPT14	True	True	2.7248/2.9162	3.0563/2.9162	0.1913999999999998	0.1400999999999999	chr7	55793544	55862789
ZNF713	True	True	2.7248/2.9162	2.7248/2.9162	0.1913999999999998	0.1913999999999998	chr7	55887475	55942225
MRPS17	True	True	2.7248/2.9162	2.7248/2.9162	0.1913999999999998	0.1913999999999998	chr7	55951819	55956501
NIPSNAP2	True	True	2.7248/2.9162	2.7248/2.9162	0.1913999999999998	0.1913999999999998	chr7	55964581	56000181
PSPH	True	True	2.7248/2.9162	2.7248/2.9162	0.1913999999999998	0.1913999999999998	chr7	56011068	56051604
CCT6A	True	True	2.7248/2.9162	2.7248/2.9162	0.1913999999999998	0.1913999999999998	chr7	56051630	56063989
SNORA22B	True	True	2.7248/2.9162	2.7248/2.9162	0.1913999999999998	0.1913999999999998	chr7	56055365	56055502
SNORA15	True	True	2.7248/2.9162	2.7248/2.9162	0.1913999999999998	0.1913999999999998	chr7	56060470	56060602
SUMF2	True	True	2.7248/2.9162	2.7248/2.9162	0.1913999999999998	0.1913999999999998	chr7	56064255	56080670
PHKG1	True	True	2.7248/2.9162	2.7248/2.9162	0.1913999999999998	0.1913999999999998	chr7	56080283	56092996
CHCHD2	True	True	2.7248/2.9162	2.7248/2.9162	0.1913999999999998	0.1913999999999998	chr7	56101569	56106576
NUPR2	True	True	2.7248/2.9162	2.7248/2.9162	0.1913999999999998	0.1913999999999998	chr7	56114681	56116400
AC092447.4	True	True	2.7248/2.9162	2.7248/2.9162	0.1913999999999998	0.1913999999999998	chr7	56482105	56483295
AC092447.5	True	True	2.7248/2.9162	2.7248/2.9162	0.1913999999999998	0.1913999999999998	chr7	56534230	56538130
AC118758.1	True	True	2.7248/2.9162	2.7248/2.9162	0.1913999999999998	0.1913999999999998	chr7	56875385	56882146
MIR4283-1	True	True	2.7248/2.9162	2.7248/2.9162	0.1913999999999998	0.1913999999999998	chr7	56955785	56955864
ZNF479	True	True	2.7248/2.9162	2.7248/2.9162	0.1913999999999998	0.1913999999999998	chr7	57119614	57139864
POM121C	False	True	2.9252/2.9143	4.7387/2.9143	0.01089999999999991	1.8243999999999998	chr7	75416790	75486271
SPDYE5	True	True	4.7387/2.9143	4.7387/2.9143	1.8243999999999998	1.8243999999999998	chr7	75493625	75502855
PMS2P3	True	True	4.7387/2.9143	4.7387/4.8664	1.8243999999999998	0.12769999999999992	chr7	75507753	75528123
HIP1	True	True	4.7387/4.8664	4.7387/4.8664	0.12769999999999992	0.12769999999999992	chr7	75533300	75738947
CCL26	True	True	4.7387/4.8664	4.7387/4.8664	0.12769999999999992	0.12769999999999992	chr7	75769533	75789896
MIR5692A1	True	True	4.8236/4.9658	4.8236/4.9658	0.14219999999999988	0.14219999999999988	chr7	97963658	97963726
MIR5692C2	True	True	4.8236/4.9658	4.8236/4.9658	0.14219999999999988	0.14219999999999988	chr7	97964405	97964481
OCM2	True	True	4.8236/4.9658	4.8236/4.9658	0.14219999999999988	0.14219999999999988	chr7	97984684	97990196
LMTK2	True	True	4.8236/4.9658	4.8236/4.9658	0.14219999999999988	0.14219999999999988	chr7	98106885	98209633
BHLHA15	True	True	4.8236/4.9658	4.8236/4.9658	0.14219999999999988	0.14219999999999988	chr7	98211427	98212979
TECPR1	True	True	4.8236/4.9658	4.8236/4.9658	0.14219999999999988	0.14219999999999988	chr7	98214624	98252251
BRI3	True	True	4.8236/4.9658	4.8236/4.9658	0.14219999999999988	0.14219999999999988	chr7	98281675	98291524
BAIAP2L1	True	True	4.8236/4.9658	4.8236/4.9658	0.14219999999999988	0.14219999999999988	chr7	98291651	98401068
NPTX2	True	True	4.8236/4.9658	4.8236/4.9658	0.14219999999999988	0.14219999999999988	chr7	98617297	98629868
TMEM130	True	True	4.8236/4.9658	4.8236/4.9658	0.14219999999999988	0.14219999999999988	chr7	98846488	98869866
TRRAP	True	True	4.8236/4.9658	4.8236/4.9658	0.14219999999999988	0.14219999999999988	chr7	98878490	99013243
MIR3609	True	True	4.8236/4.9658	4.8236/4.9658	0.14219999999999988	0.14219999999999988	chr7	98881650	98881729
AC004893.2	True	True	4.8236/4.9658	4.8236/4.9658	0.14219999999999988	0.14219999999999988	chr7	99013165	99036477
SMURF1	True	False	4.8236/4.9658	4.9904/4.9658	0.14219999999999988	0.0246000000000004	chr7	99027441	99144100
SRPK2	False	True	4.9306/4.9318	6.2302/6.127	0.0011999999999998678	0.10320000000000018	chr7	105116376	105388894
LINC00251	True	True	2.8443/2.6616	2.8443/2.6616	0.18270000000000008	0.18270000000000008	chr8	65161145	65180341
LINC01299	True	True	2.8443/2.6616	2.8443/2.6616	0.18270000000000008	0.18270000000000008	chr8	65527008	65562780
ARMC1	True	True	2.8443/2.6616	2.8443/2.6616	0.18270000000000008	0.18270000000000008	chr8	65602456	65634207
MTFR1	True	True	2.8443/2.6616	2.8443/2.6616	0.18270000000000008	0.18270000000000008	chr8	65644739	65710556
PDE7A	True	True	2.8443/2.6616	2.8443/2.6616	0.18270000000000008	0.18270000000000008	chr8	65717510	65841952
DNAJC5B	True	True	2.8443/2.6616	2.8443/2.6616	0.18270000000000008	0.18270000000000008	chr8	66021560	66100526
TRIM55	True	True	2.8443/2.6616	2.8443/2.6616	0.18270000000000008	0.18270000000000008	chr8	66126896	66175487
CRH	True	True	2.8443/2.6616	2.8443/2.6616	0.18270000000000008	0.18270000000000008	chr8	66176382	66178725
LINC00967	True	True	2.8443/2.6616	2.8443/2.6616	0.18270000000000008	0.18270000000000008	chr8	66192111	66197315
RRS1-AS1	True	True	2.8443/2.6616	2.8443/2.6616	0.18270000000000008	0.18270000000000008	chr8	66419589	66428977
RRS1	True	True	2.8443/2.6616	2.8443/2.6616	0.18270000000000008	0.18270000000000008	chr8	66429028	66430733
ADHFE1	True	True	2.8443/2.6616	2.8443/2.6616	0.18270000000000008	0.18270000000000008	chr8	66432486	66468907
C8orf46	True	True	2.8443/2.6616	2.8443/2.6616	0.18270000000000008	0.18270000000000008	chr8	66493208	66518524
MYBL1	True	True	2.8443/2.6616	2.8443/2.6616	0.18270000000000008	0.18270000000000008	chr8	66562175	66613249
VCPIP1	True	True	2.8443/2.6616	2.8443/2.6616	0.18270000000000008	0.18270000000000008	chr8	66628487	66667217
C8orf44-SGK3	True	True	2.8443/2.6616	2.8443/2.6616	0.18270000000000008	0.18270000000000008	chr8	66667616	66860472
C8orf44	True	True	2.8443/2.6616	2.8443/2.6616	0.18270000000000008	0.18270000000000008	chr8	66667618	66681158
SGK3	True	True	2.8443/2.6616	2.8443/2.6616	0.18270000000000008	0.18270000000000008	chr8	66775181	66862020
MCMDC2	True	True	2.8443/2.6616	2.8443/2.6616	0.18270000000000008	0.18270000000000008	chr8	66870749	66922048
TCF24	True	True	2.8443/2.6616	2.8443/2.6616	0.18270000000000008	0.18270000000000008	chr8	66946501	66962590
PPP1R42	True	True	2.8443/2.6616	2.8443/2.6616	0.18270000000000008	0.18270000000000008	chr8	66988131	67028551
COPS5	True	True	2.8443/2.6616	2.8443/2.6616	0.18270000000000008	0.18270000000000008	chr8	67043079	67062317
CSPP1	True	True	2.8443/2.6616	2.8443/2.6616	0.18270000000000008	0.18270000000000008	chr8	67064368	67196263
ARFGEF1	True	True	2.8443/2.6616	2.8443/2.6616	0.18270000000000008	0.18270000000000008	chr8	67197649	67343677
CPA6	True	True	2.8443/2.6616	2.8443/2.6616	0.18270000000000008	0.18270000000000008	chr8	67422072	67746385
PREX2	True	True	2.8443/2.6616	2.8443/2.6616	0.18270000000000008	0.18270000000000008	chr8	67952118	68237030
C8orf34-AS1	True	True	2.8443/2.6616	2.8443/2.6616	0.18270000000000008	0.18270000000000008	chr8	68303468	68331491
C8orf34	True	True	2.8443/2.6616	2.8443/2.6616	0.18270000000000008	0.18270000000000008	chr8	68330722	68818561
LINC01592	True	True	2.8443/2.6616	2.8443/2.6616	0.18270000000000008	0.18270000000000008	chr8	68911803	69104190
SULF1	True	True	2.8443/2.6616	2.8443/2.6616	0.18270000000000008	0.18270000000000008	chr8	69466624	69660912
SLCO5A1	True	True	2.8443/2.6616	2.8443/2.6616	0.18270000000000008	0.18270000000000008	chr8	69667047	69835064
AC079089.1	True	True	2.8443/2.6616	2.8443/2.6616	0.18270000000000008	0.18270000000000008	chr8	69834129	69837829
PRDM14	True	True	2.8443/2.6616	2.8443/2.6616	0.18270000000000008	0.18270000000000008	chr8	70051651	70071327
NCOA2	True	True	2.8443/2.6616	2.8443/2.6616	0.18270000000000008	0.18270000000000008	chr8	70109762	70403805
AC022730.4	True	True	2.8443/2.6616	2.8443/2.6616	0.18270000000000008	0.18270000000000008	chr8	70471134	70485687
TRAM1	True	True	2.8443/2.6616	2.8443/2.6616	0.18270000000000008	0.18270000000000008	chr8	70573442	70608369
LACTB2-AS1	True	True	2.8443/2.6616	2.8443/2.6616	0.18270000000000008	0.18270000000000008	chr8	70608577	70663279
LACTB2	True	True	2.8443/2.6616	2.8443/2.6616	0.18270000000000008	0.18270000000000008	chr8	70637256	70669157
XKR9	True	True	2.8443/2.6616	2.8443/2.6616	0.18270000000000008	0.18270000000000008	chr8	70669365	70735942
EYA1	False	True	2.6136/2.6616	2.8443/2.6616	0.04800000000000004	0.18270000000000008	chr8	71197433	71362232
LINC00536	True	True	4.8253/4.6086	4.8253/4.6086	0.21670000000000034	0.21670000000000034	chr8	115950511	116325059
EIF3H	True	True	4.8253/4.6086	4.8253/4.6086	0.21670000000000034	0.21670000000000034	chr8	116642130	116755821
UTP23	True	True	4.8253/4.6086	4.8253/4.6086	0.21670000000000034	0.21670000000000034	chr8	116766503	116774690
RAD21	False	True	3.8443/3.8296	4.8253/4.6086	0.014699999999999935	0.21670000000000034	chr8	116845935	116874866
AC090921.1	False	True	6.079/6.1532	6.2893/6.1532	0.07420000000000027	0.1360999999999999	chr8	124192671	124247398
TMEM65	True	True	6.2893/6.1532	6.2893/6.1532	0.1360999999999999	0.1360999999999999	chr8	124306189	124372692
OR1J1	True	True	2.1467/2.5655	2.1467/2.5655	0.41880000000000006	0.41880000000000006	chr9	122476958	122477926
OR1J2	True	True	2.1467/2.5655	2.1467/2.5655	0.41880000000000006	0.41880000000000006	chr9	122510802	122511743
OR1J4	True	True	2.1467/2.5655	2.1467/2.5655	0.41880000000000006	0.41880000000000006	chr9	122519141	122520082
OR1N1	True	True	2.1467/2.5655	2.1467/2.5655	0.41880000000000006	0.41880000000000006	chr9	122526358	122527293
OR1N2	True	True	2.1467/2.5655	2.1467/2.5655	0.41880000000000006	0.41880000000000006	chr9	122553112	122554214
OR1L8	True	True	2.1467/2.5655	2.1467/2.5655	0.41880000000000006	0.41880000000000006	chr9	122567548	122568477
OR1Q1	True	True	2.1467/2.5655	2.1467/2.5655	0.41880000000000006	0.41880000000000006	chr9	122614738	122615682
OR1B1	True	True	2.1467/2.5655	2.1467/2.5655	0.41880000000000006	0.41880000000000006	chr9	122628579	122629573
OR1L1	True	True	2.1467/2.5655	2.1467/2.5655	0.41880000000000006	0.41880000000000006	chr9	122661716	122662648
OR1L3	True	True	2.1467/2.5655	2.1467/2.5655	0.41880000000000006	0.41880000000000006	chr9	122675130	122676104
OR1L4	True	True	2.1467/2.5655	2.1467/2.5655	0.41880000000000006	0.41880000000000006	chr9	122723990	122724925
OR1L6	True	True	2.1467/2.5655	2.1467/2.5655	0.41880000000000006	0.41880000000000006	chr9	122749848	122750783
OR5C1	True	True	2.1467/2.5655	2.1467/2.5655	0.41880000000000006	0.41880000000000006	chr9	122788933	122789895
OR1K1	True	True	2.1467/2.5655	2.1467/2.5655	0.41880000000000006	0.41880000000000006	chr9	122800123	122801073
PDCL	True	True	2.1467/2.5655	2.1467/2.5655	0.41880000000000006	0.41880000000000006	chr9	122818344	122828631
RC3H2	True	True	2.1467/2.5655	2.1467/2.5655	0.41880000000000006	0.41880000000000006	chr9	122844556	122898110
SNORD90	True	True	2.1467/2.5655	2.1467/2.5655	0.41880000000000006	0.41880000000000006	chr9	122880213	122880323
ZBTB6	True	True	2.1467/2.5655	2.1467/2.5655	0.41880000000000006	0.41880000000000006	chr9	122908056	122913330
ZBTB26	True	True	2.1467/2.5655	2.1467/2.5655	0.41880000000000006	0.41880000000000006	chr9	122915566	122931500
RABGAP1	True	True	2.1467/2.5655	2.1467/2.5655	0.41880000000000006	0.41880000000000006	chr9	122941009	123104866
GPR21	True	True	2.1467/2.5655	2.1467/2.5655	0.41880000000000006	0.41880000000000006	chr9	123034527	123035696
MIR600HG	True	True	2.1467/2.5655	2.1467/2.5655	0.41880000000000006	0.41880000000000006	chr9	123109494	123115477
MIR600	True	True	2.1467/2.5655	2.1467/2.5655	0.41880000000000006	0.41880000000000006	chr9	123111546	123111643
STRBP	True	True	2.6828/2.5655	2.6828/2.5655	0.11729999999999974	0.11729999999999974	chr9	123121631	123184310
CRB2	True	True	2.6828/2.5655	2.6828/2.5655	0.11729999999999974	0.11729999999999974	chr9	123356260	123378753
DENND1A	True	True	2.6828/2.5655	2.6828/2.5655	0.11729999999999974	0.11729999999999974	chr9	123379654	123930107
MIR601	True	True	2.6828/2.5655	2.6828/2.5655	0.11729999999999974	0.11729999999999974	chr9	123402525	123402603
MIR7150	True	True	2.6828/2.5655	2.6828/2.5655	0.11729999999999974	0.11729999999999974	chr9	123485529	123485622
AC006450.3	True	True	2.6828/2.5655	2.6828/2.5655	0.11729999999999974	0.11729999999999974	chr9	124006277	124009396
LHX2	True	True	2.6828/2.5655	2.6828/2.5655	0.11729999999999974	0.11729999999999974	chr9	124011610	124033301
NEK6	True	True	2.6828/2.5655	2.6828/2.5655	0.11729999999999974	0.11729999999999974	chr9	124257963	124353307
PSMB7	True	True	2.6828/2.5655	2.6828/2.5655	0.11729999999999974	0.11729999999999974	chr9	124353466	124415439
ADGRD2	True	True	2.6828/2.5655	2.6828/2.5655	0.11729999999999974	0.11729999999999974	chr9	124452091	124478589
NR5A1	True	True	2.6828/2.5655	2.6828/2.5655	0.11729999999999974	0.11729999999999974	chr9	124481237	124507430
AKR1C8P	True	True	2.1875/2.0512	2.1875/2.0512	0.13629999999999987	0.13629999999999987	chr10	5154460	5185187
AKR1C4	True	True	2.1875/2.0512	2.1875/2.0512	0.13629999999999987	0.13629999999999987	chr10	5195463	5218949
UCN3	True	True	2.1875/2.0512	2.1875/2.0512	0.13629999999999987	0.13629999999999987	chr10	5365009	5374692
TUBAL3	True	True	2.1875/2.0512	2.1875/2.0512	0.13629999999999987	0.13629999999999987	chr10	5393098	5404830
NET1	True	True	2.1875/2.0512	2.1875/2.0512	0.13629999999999987	0.13629999999999987	chr10	5412551	5458463
CALML5	True	True	2.1875/2.0512	2.1875/2.0512	0.13629999999999987	0.13629999999999987	chr10	5498697	5499555
CALML3	True	True	2.1875/2.0512	2.1875/2.0512	0.13629999999999987	0.13629999999999987	chr10	5524009	5526771
AL365356.5	True	True	2.1875/2.0512	2.1875/2.0512	0.13629999999999987	0.13629999999999987	chr10	5594991	5596118
ASB13	True	True	2.1875/2.0512	2.1875/2.0512	0.13629999999999987	0.13629999999999987	chr10	5638868	5666578
FAM208B	True	True	2.1875/2.0512	2.1875/2.0512	0.13629999999999987	0.13629999999999987	chr10	5684838	5763740
GDI2	True	True	2.1875/2.0512	2.1875/2.0512	0.13629999999999987	0.13629999999999987	chr10	5765223	5813549
ANKRD16	True	True	2.1875/2.0512	2.1875/2.0512	0.13629999999999987	0.13629999999999987	chr10	5861617	5889898
FBXO18	True	True	2.1875/2.0512	2.1875/2.0512	0.13629999999999987	0.13629999999999987	chr10	5894386	5937593
IL15RA	True	True	2.1875/2.0512	2.1875/2.0512	0.13629999999999987	0.13629999999999987	chr10	5952372	5977611
IL2RA	True	True	2.1875/2.0512	2.1875/2.0512	0.13629999999999987	0.13629999999999987	chr10	6010689	6062325
RBM17	True	True	2.1875/2.0512	2.1875/2.0512	0.13629999999999987	0.13629999999999987	chr10	6089346	6117457
PFKFB3	True	True	2.1875/2.0512	2.1875/2.0512	0.13629999999999987	0.13629999999999987	chr10	6146316	6233368
MIR3155A	True	True	2.1875/2.0512	2.1875/2.0512	0.13629999999999987	0.13629999999999987	chr10	6152196	6152277
MIR3155B	True	True	2.1875/2.0512	2.1875/2.0512	0.13629999999999987	0.13629999999999987	chr10	6152207	6152262
AL137145.2	True	True	2.1875/2.0512	2.1875/2.0512	0.13629999999999987	0.13629999999999987	chr10	6277687	6335982
PRKCQ	True	True	2.1875/2.0512	2.1875/2.0512	0.13629999999999987	0.13629999999999987	chr10	6427143	6580301
LINP1	True	True	2.1875/2.0512	2.1875/2.0512	0.13629999999999987	0.13629999999999987	chr10	6737382	6739026
LINC00706	True	True	2.1875/2.0512	2.1875/2.0512	0.13629999999999987	0.13629999999999987	chr10	6774307	6779180
LINC00707	True	True	2.1875/2.0512	2.1875/2.0512	0.13629999999999987	0.13629999999999987	chr10	6779598	6842906
SFMBT2	False	True	2.023/2.0512	2.1875/2.0512	0.028200000000000003	0.13629999999999987	chr10	7158624	7411486
LINC00993	True	True	3.974/4.1289	3.974/4.1289	0.1548999999999996	0.1548999999999996	chr10	37309185	37347029
MTRNR2L7	True	True	3.974/4.1289	3.974/4.1289	0.1548999999999996	0.1548999999999996	chr10	37601440	37602974
ZNF248	True	True	3.974/4.1289	3.974/4.1289	0.1548999999999996	0.1548999999999996	chr10	37828765	37857610
ZNF25	True	True	3.974/4.1289	3.974/4.1289	0.1548999999999996	0.1548999999999996	chr10	37949572	37976633
ZNF33A	True	True	3.974/4.1289	3.974/4.1289	0.1548999999999996	0.1548999999999996	chr10	38010650	38060063
ZNF37A	True	True	3.974/4.1289	3.974/4.1289	0.1548999999999996	0.1548999999999996	chr10	38094347	38125544
HSD17B7P2	True	True	3.974/4.1289	3.974/4.1289	0.1548999999999996	0.1548999999999996	chr10	38356380	38378505
PLPP4	True	True	3.6641/3.5221	3.6641/3.5221	0.1419999999999999	0.1419999999999999	chr10	120456954	120589855
LINC01561	True	True	3.6641/3.5221	3.6641/3.5221	0.1419999999999999	0.1419999999999999	chr10	120597949	120600124
TRPM5	True	False	2.0407/0.8211	2.0407/2.0738	1.2196000000000002	0.033099999999999685	chr11	2404515	2423045
DAGLA	True	False	1.8838/1.7791	4.514/4.5358	0.10470000000000002	0.02179999999999982	chr11	61680433	61747001
GUCY1A2	True	True	2.0139/2.1189	2.0139/2.1189	0.10499999999999998	0.10499999999999998	chr11	106687184	107018445
CWF19L2	True	True	2.0139/2.1189	2.0139/2.1189	0.10499999999999998	0.10499999999999998	chr11	107326345	107457844
ALKBH8	True	True	2.0139/2.1189	2.0139/2.1189	0.10499999999999998	0.10499999999999998	chr11	107504658	107565742
ELMOD1	True	True	2.0139/2.1189	2.0139/2.1189	0.10499999999999998	0.10499999999999998	chr11	107591230	107666779
SLN	True	True	2.0139/2.1189	2.0139/2.1189	0.10499999999999998	0.10499999999999998	chr11	107707378	107719693
SLC35F2	True	True	2.0139/2.1189	2.0139/2.1189	0.10499999999999998	0.10499999999999998	chr11	107790991	107859188
RAB39A	True	True	2.0139/2.1189	2.0139/2.1189	0.10499999999999998	0.10499999999999998	chr11	107928503	107963482
CUL5	True	True	2.0139/2.1189	2.0139/2.1189	0.10499999999999998	0.10499999999999998	chr11	108008733	108107776
ACAT1	True	True	2.0139/2.1189	2.0139/2.1189	0.10499999999999998	0.10499999999999998	chr11	108121516	108147776
NPAT	True	True	2.0139/2.1189	2.0139/2.1189	0.10499999999999998	0.10499999999999998	chr11	108157215	108222642
ATM	True	True	2.0139/2.1189	2.0139/2.1189	0.10499999999999998	0.10499999999999998	chr11	108222832	108369099
C11orf65	True	True	2.0139/2.1189	2.0139/2.1189	0.10499999999999998	0.10499999999999998	chr11	108331201	108467501
KDELC2	True	True	2.0139/2.1189	2.0139/2.1189	0.10499999999999998	0.10499999999999998	chr11	108472105	108498432
EXPH5	True	True	2.0139/2.1189	2.0139/2.1189	0.10499999999999998	0.10499999999999998	chr11	108505431	108593647
TNFRSF1A	False	True	3.2369/3.229	3.4842/3.229	0.007899999999999796	0.25519999999999987	chr12	6328757	6342114
SCNN1A	False	True	3.1914/3.229	3.4842/3.229	0.0376000000000003	0.25519999999999987	chr12	6346843	6375224
SOX5	False	True	3.2274/3.2352	3.2611/4.4379	0.007800000000000029	1.1768	chr12	23532352	23949703
LINC02329	True	True	5.6868/5.8107	5.6868/5.8107	0.1238999999999999	0.1238999999999999	chr14	85387275	85388765
LINC00911	True	True	5.6868/5.8107	5.6868/5.8107	0.1238999999999999	0.1238999999999999	chr14	85393879	85420074
FLRT2	True	True	6.0697/5.8107	6.0697/5.8107	0.25900000000000034	0.25900000000000034	chr14	85530144	85654426
LINC01148	True	True	6.1125/6.0064	6.1125/6.0064	0.10609999999999964	0.10609999999999964	chr14	86905778	86922755
LINC02330	True	True	6.1125/6.0064	6.1125/6.0064	0.10609999999999964	0.10609999999999964	chr14	87634379	87655294
GALC	True	True	6.1125/6.0064	6.1125/6.0064	0.10609999999999964	0.10609999999999964	chr14	87933014	87993271
GPR65	True	True	6.1125/6.0064	6.1125/6.0064	0.10609999999999964	0.10609999999999964	chr14	88005124	88014811
AL157955.2	True	True	6.1125/6.0064	6.1125/6.0064	0.10609999999999964	0.10609999999999964	chr14	88018605	88036319
LINC01146	True	True	6.1125/6.0064	6.1125/6.0064	0.10609999999999964	0.10609999999999964	chr14	88024609	88097619
KCNK10	True	True	6.1125/6.0064	6.1125/6.0064	0.10609999999999964	0.10609999999999964	chr14	88184893	88323249
SPATA7	True	True	6.1125/6.0064	6.1125/6.0064	0.10609999999999964	0.10609999999999964	chr14	88385530	88438456
PTPN21	True	True	6.1125/6.0064	6.1125/6.0064	0.10609999999999964	0.10609999999999964	chr14	88465781	88554733
ZC3H14	True	True	6.1125/6.0064	6.1125/6.0064	0.10609999999999964	0.10609999999999964	chr14	88562909	88627596
EML5	True	True	6.1125/6.0064	6.1125/6.0064	0.10609999999999964	0.10609999999999964	chr14	88612431	88792752
TTC8	True	True	6.1125/6.0064	6.1125/6.0064	0.10609999999999964	0.10609999999999964	chr14	88824153	88877995
FOXN3	True	True	6.1125/6.0064	6.1125/6.0064	0.10609999999999964	0.10609999999999964	chr14	89156172	89619130
FOXN3-AS1	True	True	6.1125/6.0064	6.1125/6.0064	0.10609999999999964	0.10609999999999964	chr14	89417354	89419793
FOXN3-AS2	True	True	6.1125/6.0064	6.1125/6.0064	0.10609999999999964	0.10609999999999964	chr14	89576216	89577477
AL137230.1	True	True	6.1125/6.0064	6.1125/6.0064	0.10609999999999964	0.10609999999999964	chr14	89628941	89634082
EFCAB11	True	True	5.7238/6.0064	5.7238/6.0064	0.2826000000000004	0.2826000000000004	chr14	89794669	89954689
TDP1	True	True	5.7238/6.0064	5.7238/6.0064	0.2826000000000004	0.2826000000000004	chr14	89955951	90044768
KCNK13	True	True	5.7238/6.0064	5.7238/6.0064	0.2826000000000004	0.2826000000000004	chr14	90061765	90185857
PSMC1	True	True	5.7238/6.0064	5.7238/6.0064	0.2826000000000004	0.2826000000000004	chr14	90256495	90275429
NRDE2	True	True	5.7238/6.0064	5.7238/6.0064	0.2826000000000004	0.2826000000000004	chr14	90267856	90332137
CALM1	True	True	5.7238/6.0064	5.7238/6.0064	0.2826000000000004	0.2826000000000004	chr14	90396983	90408261
LINC02317	True	True	5.7238/6.0064	5.7238/6.0064	0.2826000000000004	0.2826000000000004	chr14	90452063	90455117
LINC00642	True	True	5.7238/6.0064	5.7238/6.0064	0.2826000000000004	0.2826000000000004	chr14	90455271	90458904
TTC7B	True	True	5.7238/6.0064	5.7238/6.0064	0.2826000000000004	0.2826000000000004	chr14	90524564	90816417
AL096869.2	True	True	5.7238/6.0064	5.7238/6.0064	0.2826000000000004	0.2826000000000004	chr14	90642640	90648894
AL139193.2	True	True	5.7238/6.0064	5.7238/6.0064	0.2826000000000004	0.2826000000000004	chr14	90697333	90699374
RPS6KA5	True	False	5.7238/5.8924	7.132/7.1016	0.16860000000000053	0.030399999999999316	chr14	90847862	91060608
GSKIP	True	False	4.9086/5.8924	5.95/5.8924	0.9838000000000005	0.057599999999999874	chr14	96363557	96387286
AK7	True	True	4.9086/5.8924	4.9086/5.8924	0.9838000000000005	0.9838000000000005	chr14	96392111	96489427
PAPOLA	True	True	4.9086/5.8924	4.9086/5.8924	0.9838000000000005	0.9838000000000005	chr14	96502373	96567111
LINC00221	True	True	3.4446/3.14	3.4446/3.14	0.30459999999999976	0.30459999999999976	chr14	106482468	106495448
IGHV3-72	True	True	3.0222/3.14	3.0222/3.14	0.1177999999999999	0.1177999999999999	chr14	106790691	106790993
MIR5195	True	True	3.0222/3.14	3.0222/3.14	0.1177999999999999	0.1177999999999999	chr14	106850885	106850999
LINC01169	True	False	3.7883/4.0133	4.0451/4.0729	0.2250000000000001	0.027800000000000047	chr15	66582190	66685794
SMAD6	True	True	3.7883/4.0133	3.7883/4.0133	0.2250000000000001	0.2250000000000001	chr15	66702228	66782848
LINC02206	True	True	3.7883/4.0133	3.7883/4.0133	0.2250000000000001	0.2250000000000001	chr15	66931537	66956518
SMAD3	True	True	3.7883/4.0133	3.7883/4.0133	0.2250000000000001	0.2250000000000001	chr15	67065845	67195195
AAGAB	True	True	3.7883/4.0133	3.7883/4.0133	0.2250000000000001	0.2250000000000001	chr15	67201033	67254736
IQCH	True	True	3.7883/4.0133	3.7883/4.0133	0.2250000000000001	0.2250000000000001	chr15	67254831	67501804
IQCH-AS1	True	True	3.7883/4.0133	3.7883/4.0133	0.2250000000000001	0.2250000000000001	chr15	67403619	67521636
C15orf61	True	True	3.7883/4.0133	3.7883/4.0133	0.2250000000000001	0.2250000000000001	chr15	67521068	67530143
MAP2K5	True	True	3.7883/3.572	3.7883/4.0133	0.21629999999999994	0.2250000000000001	chr15	67542709	67807123
SKOR1	True	True	3.7883/3.572	3.7883/3.572	0.21629999999999994	0.21629999999999994	chr15	67819704	67834561
AC009292.1	True	True	3.7883/3.572	3.7883/3.572	0.21629999999999994	0.21629999999999994	chr15	67834310	67838879
RNU6-1	True	True	3.7883/3.572	3.7883/3.572	0.21629999999999994	0.21629999999999994	chr15	67839939	67840045
PIAS1	True	True	3.7883/3.572	3.7883/3.572	0.21629999999999994	0.21629999999999994	chr15	68054576	68188064
AC107871.1	True	True	3.7883/3.572	3.7883/3.572	0.21629999999999994	0.21629999999999994	chr15	68191130	68229718
CALML4	True	True	3.7883/3.572	3.7883/3.572	0.21629999999999994	0.21629999999999994	chr15	68193804	68205561
CLN6	True	True	3.7883/3.572	3.7883/3.572	0.21629999999999994	0.21629999999999994	chr15	68206992	68229743
FEM1B	True	True	3.7883/3.572	3.7883/3.572	0.21629999999999994	0.21629999999999994	chr15	68277803	68295865
ITGA11	True	True	3.7883/3.572	3.7883/3.572	0.21629999999999994	0.21629999999999994	chr15	68302767	68432162
CORO2B	True	True	3.7883/3.572	3.7883/3.572	0.21629999999999994	0.21629999999999994	chr15	68578969	68727803
ANP32A	True	True	3.7883/3.572	3.7883/3.572	0.21629999999999994	0.21629999999999994	chr15	68778535	68820895
MIR4312	True	True	3.7883/3.572	3.7883/3.572	0.21629999999999994	0.21629999999999994	chr15	68801850	68801925
NUBP1	False	True	4.9718/5.003	5.9039/6.0108	0.031200000000000117	0.10689999999999955	chr16	10743845	10769351
TVP23A	False	True	4.9718/5.003	5.9039/6.0108	0.031200000000000117	0.10689999999999955	chr16	10766676	10818785
PLA2G10	True	False	5.0129/0.2872	5.0129/5.0267	4.7257	0.013799999999999812	chr16	14672545	14694669
NPIPA3	True	False	5.0129/0.2872	5.0129/5.0267	4.7257	0.013799999999999812	chr16	14711689	14726293
NPIPA2	True	False	5.0129/0.2872	5.0129/5.0267	4.7257	0.013799999999999812	chr16	14750813	14765413
ABCC6P2	True	False	5.0129/0.2872	5.0129/5.0267	4.7257	0.013799999999999812	chr16	14822432	14824702
NOMO1	True	False	5.0129/0.2872	5.0129/5.0267	4.7257	0.013799999999999812	chr16	14833681	14896160
MIR3179-1	True	False	5.0129/0.2872	5.0129/5.0267	4.7257	0.013799999999999812	chr16	14901508	14901591
MIR3670-1	True	False	5.0129/0.2872	5.0129/5.0267	4.7257	0.013799999999999812	chr16	14907717	14907781
MIR3180-1	True	False	5.0129/0.2872	5.0129/5.0267	4.7257	0.013799999999999812	chr16	14911220	14911313
MIR6511A1	True	False	5.0129/0.2872	5.0129/5.0267	4.7257	0.013799999999999812	chr16	14925937	14926003
MIR6770-1	True	False	5.0129/0.2872	5.0129/5.0267	4.7257	0.013799999999999812	chr16	14930820	14930879
NPIPA1	True	False	5.0129/0.2872	5.0129/5.0267	4.7257	0.013799999999999812	chr16	14937443	14952056
PDXDC1	True	False	5.0129/0.0432	5.0129/5.0267	4.9697000000000005	0.013799999999999812	chr16	14975103	15038332
MIR1972-1	True	False	5.0129/0.0432	5.0129/5.0267	4.9697000000000005	0.013799999999999812	chr16	15010321	15010397
NTAN1	True	False	5.0129/0.1469	5.0129/5.0267	4.8660000000000005	0.013799999999999812	chr16	15037853	15056064
NPIPB3	True	True	4.0298/5.8854	4.0298/5.8854	1.8556	1.8556	chr16	21402237	21405319
MIR3680-1	True	True	4.0298/5.8854	4.0298/5.8854	1.8556	1.8556	chr16	21506049	21506135
SBK1	True	True	3.7626/3.9068	3.7626/3.9068	0.1442000000000001	0.1442000000000001	chr16	28292519	28323849
NPIPB6	True	True	3.7626/3.9068	3.7626/3.9068	0.1442000000000001	0.1442000000000001	chr16	28342555	28363508
EIF3CL	True	True	3.7626/3.9068	3.7626/3.9068	0.1442000000000001	0.1442000000000001	chr16	28379581	28403879
MIR6862-1	True	True	3.7626/3.9068	3.7626/3.9068	0.1442000000000001	0.1442000000000001	chr16	28390982	28391051
NPIPB7	True	True	3.7626/3.9068	3.7626/3.9068	0.1442000000000001	0.1442000000000001	chr16	28456424	28471175
CLN3	True	True	3.7626/3.9068	3.7626/3.9068	0.1442000000000001	0.1442000000000001	chr16	28477294	28495550
APOBR	True	True	3.7626/3.9068	3.7626/3.9068	0.1442000000000001	0.1442000000000001	chr16	28494649	28498970
IL27	True	True	3.7626/3.9068	3.7626/3.9068	0.1442000000000001	0.1442000000000001	chr16	28499362	28506834
NUPR1	True	True	3.7626/3.9068	3.7626/3.9068	0.1442000000000001	0.1442000000000001	chr16	28537537	28539008
SGF29	True	True	3.7626/3.9068	3.7626/3.9068	0.1442000000000001	0.1442000000000001	chr16	28553926	28591790
SULT1A2	True	True	3.7626/3.9068	3.7626/3.9068	0.1442000000000001	0.1442000000000001	chr16	28591945	28596480
SULT1A1	True	True	3.7626/3.9068	3.7626/3.9068	0.1442000000000001	0.1442000000000001	chr16	28605597	28623553
NPIPB8	True	True	3.7626/3.9068	3.7626/3.9068	0.1442000000000001	0.1442000000000001	chr16	28637654	28658682
EIF3C	True	True	3.7626/3.9068	3.7626/3.9068	0.1442000000000001	0.1442000000000001	chr16	28711363	28735730
MIR6862-2	True	True	3.7626/3.9068	3.7626/3.9068	0.1442000000000001	0.1442000000000001	chr16	28724252	28724321
NPIPB9	True	True	3.7626/3.9068	3.7626/3.9068	0.1442000000000001	0.1442000000000001	chr16	28751787	28772807
ATXN2L	True	True	3.7626/3.9068	3.7626/3.9068	0.1442000000000001	0.1442000000000001	chr16	28823093	28837237
TUFM	True	True	3.7626/3.9068	3.7626/3.9068	0.1442000000000001	0.1442000000000001	chr16	28842411	28846408
MIR4721	True	True	3.7626/3.9068	3.7626/3.9068	0.1442000000000001	0.1442000000000001	chr16	28843919	28844007
SH2B1	True	True	3.7626/3.9068	3.7626/3.9068	0.1442000000000001	0.1442000000000001	chr16	28846689	28874205
ATP2A1	True	True	3.7626/3.9068	3.7626/3.9068	0.1442000000000001	0.1442000000000001	chr16	28878405	28904464
ATP2A1-AS1	True	True	3.7626/3.9068	3.7626/3.9068	0.1442000000000001	0.1442000000000001	chr16	28878957	28879895
RABEP2	True	True	3.7626/3.9068	3.7626/3.9068	0.1442000000000001	0.1442000000000001	chr16	28904421	28925752
CD19	True	True	3.7626/3.9068	3.7626/3.9068	0.1442000000000001	0.1442000000000001	chr16	28931939	28939346
NFATC2IP	True	True	3.7626/3.9068	3.7626/3.9068	0.1442000000000001	0.1442000000000001	chr16	28950937	28967097
MIR4517	True	True	3.7626/3.9068	3.7626/3.9068	0.1442000000000001	0.1442000000000001	chr16	28958583	28958661
SPNS1	True	True	3.7626/3.9068	3.7626/3.9068	0.1442000000000001	0.1442000000000001	chr16	28974775	28984543
LAT	True	True	3.7626/3.9068	3.7626/3.9068	0.1442000000000001	0.1442000000000001	chr16	28984826	28990783
NPIPB11	True	True	3.7626/3.9068	3.7626/3.9068	0.1442000000000001	0.1442000000000001	chr16	29381354	29404029
AC133555.5	True	True	3.7626/3.9068	3.7626/3.9068	0.1442000000000001	0.1442000000000001	chr16	29443230	29454347
BOLA2	True	True	3.7626/3.9068	3.7626/3.9068	0.1442000000000001	0.1442000000000001	chr16	29453593	29454964
SLX1B	True	True	3.7626/3.9068	3.7626/3.9068	0.1442000000000001	0.1442000000000001	chr16	29454501	29458219
SLX1B-SULT1A4	True	True	3.7626/3.9068	3.7626/3.9068	0.1442000000000001	0.1442000000000001	chr16	29455105	29464773
SULT1A4	True	True	3.7626/3.9068	3.7626/3.9068	0.1442000000000001	0.1442000000000001	chr16	29459889	29464976
AC133555.3	True	True	3.7626/3.9068	3.7626/3.9068	0.1442000000000001	0.1442000000000001	chr16	29464967	29467833
NPIPB12	True	True	3.7626/3.9068	3.7626/3.9068	0.1442000000000001	0.1442000000000001	chr16	29484690	29505820
MIR3680-2	True	True	3.7626/3.9068	3.7626/3.9068	0.1442000000000001	0.1442000000000001	chr16	29599179	29599265
SPN	True	True	3.7626/3.9068	3.7626/3.9068	0.1442000000000001	0.1442000000000001	chr16	29663219	29670490
AC009086.2	True	True	3.7626/3.9068	3.7626/3.9068	0.1442000000000001	0.1442000000000001	chr16	29663279	29695144
QPRT	True	True	3.7626/3.9068	3.7626/3.9068	0.1442000000000001	0.1442000000000001	chr16	29679037	29698699
C16orf54	True	True	3.7626/3.9068	3.7626/3.9068	0.1442000000000001	0.1442000000000001	chr16	29742463	29746006
ZG16	True	True	3.7626/3.9068	3.7626/3.9068	0.1442000000000001	0.1442000000000001	chr16	29778240	29782973
KIF22	True	True	3.7626/3.9068	3.7626/3.9068	0.1442000000000001	0.1442000000000001	chr16	29790720	29805385
MAZ	True	True	3.7626/3.9068	3.7626/3.9068	0.1442000000000001	0.1442000000000001	chr16	29806596	29811164
PRRT2	True	True	3.7626/3.9068	3.7626/3.9068	0.1442000000000001	0.1442000000000001	chr16	29812191	29814725
PAGR1	True	True	3.7626/3.9068	3.7626/3.9068	0.1442000000000001	0.1442000000000001	chr16	29815952	29820117
MVP	True	True	3.7626/3.9068	3.7626/3.9068	0.1442000000000001	0.1442000000000001	chr16	29820394	29848039
LINC01566	True	True	1.9462/3.9068	1.9462/3.9068	1.9606000000000001	1.9606000000000001	chr16	35363531	35390584
LINC02167	True	True	1.9462/1.6367	1.9462/1.6367	0.3094999999999999	0.3094999999999999	chr16	35746552	35756515
CES1	True	False	1.7772/0.0091	1.7772/1.7781	1.7680999999999998	0.0009000000000001229	chr16	55802853	55833158
KRTAP9-6	True	False	0.0/2.0958	2.0646/2.0958	2.0958	0.031200000000000117	chr17	41265339	41266641
KRT14	True	True	2.6467/2.9651	2.6467/2.9651	0.3184	0.3184	chr17	41582279	41586921
FOXJ1	True	True	3.9423/4.197	3.9423/4.197	0.25470000000000015	0.25470000000000015	chr17	76136333	76141299
RNF157	False	True	3.9423/4.0107	3.9518/4.197	0.06840000000000002	0.24520000000000008	chr17	76142453	76240373
BCAT2	True	True	1.5135/1.9452	1.5135/1.9452	0.4317	0.4317	chr19	48795066	48811020
HSD17B14	True	True	1.5135/1.9452	1.5135/1.9452	0.4317	0.4317	chr19	48813017	48836678
PLEKHA4	True	True	1.5135/1.9452	1.5135/1.9452	0.4317	0.4317	chr19	48837097	48868632
PPP1R15A	True	True	1.5135/1.9452	1.5135/1.9452	0.4317	0.4317	chr19	48872392	48876057
TULP2	True	True	1.5135/1.9452	1.5135/1.9452	0.4317	0.4317	chr19	48880965	48898733
NUCB1	True	True	1.5135/1.9452	1.5135/1.9452	0.4317	0.4317	chr19	48900050	48923372
NUCB1-AS1	True	True	1.5135/1.9452	1.5135/1.9452	0.4317	0.4317	chr19	48910930	48918891
DHDH	True	True	1.5135/1.9452	1.5135/1.9452	0.4317	0.4317	chr19	48933682	48944969
BAX	True	True	1.5135/1.9452	1.5135/1.9452	0.4317	0.4317	chr19	48954929	48961798
FTL	True	True	1.5135/1.9452	1.5135/1.9452	0.4317	0.4317	chr19	48965301	48966878
GYS1	True	True	1.5135/1.9452	1.5135/1.9452	0.4317	0.4317	chr19	48968125	48993309
RUVBL2	True	True	1.5135/1.9452	1.5135/1.9452	0.4317	0.4317	chr19	48993448	49015995
MIR6798	True	True	1.5135/1.9452	1.5135/1.9452	0.4317	0.4317	chr19	49009906	49009972
LHB	True	True	1.5135/1.9452	1.5135/1.9452	0.4317	0.4317	chr19	49015980	49017081
AC008687.4	True	True	1.5135/1.9452	1.5135/1.9452	0.4317	0.4317	chr19	49017496	49020523
CGB3	True	True	1.5135/1.9452	1.5135/1.9452	0.4317	0.4317	chr19	49022869	49024333
AC008687.1	True	True	1.5135/1.9452	1.5135/1.9452	0.4317	0.4317	chr19	49022953	49036895
CGB2	True	True	1.5135/1.9452	1.5135/1.9452	0.4317	0.4317	chr19	49031978	49033238
CGB1	True	True	1.5135/1.9452	1.5135/1.9452	0.4317	0.4317	chr19	49035610	49036816
CGB5	True	True	1.5135/1.9452	1.5135/1.9452	0.4317	0.4317	chr19	49043884	49045311
CGB8	True	True	1.5135/1.9452	1.5135/1.9452	0.4317	0.4317	chr19	49047638	49049106
CGB7	True	True	1.5135/1.9452	1.5135/1.9452	0.4317	0.4317	chr19	49054275	49058860
NTF4	True	True	1.5135/1.9452	1.5135/1.9452	0.4317	0.4317	chr19	49061066	49061997
KCNA7	True	True	1.5135/1.9452	1.5135/1.9452	0.4317	0.4317	chr19	49067418	49072941
SNRNP70	True	True	1.5135/1.9452	1.5135/1.9452	0.4317	0.4317	chr19	49085423	49108479
LIN7B	True	True	1.5135/1.9452	1.5135/1.9452	0.4317	0.4317	chr19	49114361	49118460
C19orf73	True	True	1.5135/1.9452	1.5135/1.9452	0.4317	0.4317	chr19	49118397	49119140
PPFIA3	True	True	1.5135/1.9452	1.5135/1.9452	0.4317	0.4317	chr19	49119389	49151021
HRC	True	True	1.5135/1.9452	1.5135/1.9452	0.4317	0.4317	chr19	49151198	49155424
TRPM4	True	True	1.5135/1.9452	1.5135/1.9452	0.4317	0.4317	chr19	49157741	49211836
SLC6A16	True	True	1.5135/1.9452	1.5135/1.9452	0.4317	0.4317	chr19	49289638	49325225
MIR4324	True	True	1.5135/1.9452	1.5135/1.9452	0.4317	0.4317	chr19	49308797	49308868
CD37	True	True	1.5135/1.9452	1.5135/1.9452	0.4317	0.4317	chr19	49335400	49340606
TEAD2	True	True	1.5135/1.9452	1.5135/1.9452	0.4317	0.4317	chr19	49340595	49361495
DKKL1	True	True	1.5135/1.9452	1.5135/1.9452	0.4317	0.4317	chr19	49363594	49375116
AC010643.1	True	True	1.5135/1.9452	1.5135/1.9452	0.4317	0.4317	chr19	49368705	49388081
CCDC155	True	False	1.5135/1.9452	3.0805/3.1234	0.4317	0.04290000000000038	chr19	49388218	49417994
FRG1CP	True	True	3.2164/2.6562	3.2164/2.6562	0.5602	0.5602	chr20	28580709	28602664
MIR650	True	True	5.196/5.0329	5.196/5.0329	0.16310000000000002	0.16310000000000002	chr22	22822776	22822871
CSF2RA	True	True	3.0645/3.6259	3.7729/3.6259	0.5614000000000003	0.1469999999999998	chrX	1268800	1309935
MIR3690	True	True	3.7729/3.6259	3.7729/3.6259	0.1469999999999998	0.1469999999999998	chrX	1293918	1293992
ATP6AP2	True	True	1.1168/1.0025	1.1168/1.0025	0.11430000000000007	0.11430000000000007	chrX	40580875	40606848
MPC1L	True	True	1.1168/1.0025	1.1168/1.0025	0.11430000000000007	0.11430000000000007	chrX	40623566	40624136
CXorf38	True	False	1.1026/1.0025	1.1168/1.1084	0.10010000000000008	0.008399999999999963	chrX	40629033	40647547
PLXNA3	False	True	1.9814/1.9769	3.9279/4.0511	0.0044999999999999485	0.12319999999999975	chrX	154458281	154477779
LAGE3	True	True	3.9279/4.0511	3.9279/4.0511	0.12319999999999975	0.12319999999999975	chrX	154477769	154479257
