svtype	sv_tier	start_id	start_chrom	start_pos	start_cipos	end_id	end_chrom	end_pos	end_cipos	sv_merge_id
BND	4	MantaBND:0:339092:339093:2:0:0:1	chr8	78930519	 (-540,540)	MantaBND:0:339092:339093:2:0:0:0	chr8	135107717	-	41
DEL	4	MantaDEL:2196:0:0:0:0:0	chr17	21441456	-	-	chr17	21441547	-	202
INS	4	MantaINS:0:14203:14203:4:5:0	chr15	100346082	-	-	chr15	100346082	-	194
INS	4	MantaINS:0:10333:10333:5:4:0	chr15	76632812	 (0,7)	-	chr15	76632812	 (0,7)	191
DUP	4	MantaDUP:TANDEM:0:38292:38293:0:2:0	chr14	55996915	 (0,4)	-	chr14	56019529	 (0,4)	186
INS	4	MantaINS:0:422189:422189:18:3:0	chr13	54564928	-	-	chr13	54564935	-	180
DEL	4	MantaDEL:0:418518:418518:20:1:0	chr13	26234701	 (0,36)	-	chr13	26235402	-	178
DEL	4	MantaDEL:0:356873:356873:11:0:0	chr12	77806757	 (0,2)	-	chr12	77807414	-	170
DEL	4	MantaDEL:0:354908:354909:0:1:0	chr12	60443495	 (0,7)	-	chr12	60443801	-	168
INS	4	MantaDUP:TANDEM:0:341830:341830:26:0:0	chr8	115838728	 (0,2)	-	chr8	115838728	 (0,2)	140
INS	4	MantaINS:0:336535:336535:61:3:0	chr8	56627704	-	-	chr8	56627711	-	134
INS	4	MantaINS:0:14202:14202:10:5:0	chr18	43056459	 (0,7)	-	chr18	43056459	 (0,7)	206
DEL	4	MantaDEL:0:263808:263808:15:0:0	chr5	114632957	 (0,2)	-	chr5	114633014	-	118
INS	4	MantaINS:0:60523:60523:7:3:0	chr4	81400782	-	-	chr4	81400806	-	102
INS	4	MantaINS:0:304656:304656:3:2:0	chr3	198136909	-	-	chr3	198136913	-	97
INS	4	MantaINS:0:129230:129230:50:5:0	chr2	116231806	-	-	chr2	116231813	-	78
INS	4	MantaINS:0:96258:96258:20:4:0	chr2	106888324	 (0,21)	-	chr2	106888324	 (0,21)	77
INS	4	MantaINS:0:96258:96258:4:5:0	chr2	106888292	 (0,53)	-	chr2	106888292	 (0,53)	76
INS	4	MantaINS:0:129420:129420:2:3:0	chr2	71710335	-	-	chr2	71710348	-	74
INS	4	MantaINS:0:95876:95876:11:5:0	chr1	114242176	 (0,99)	-	chr1	114242176	 (0,99)	61
INS	4	MantaINS:0:80965:80965:4:3:0	chr1	24746730	 (0,15)	-	chr1	24746730	 (0,15)	54
BND	4	MantaBND:0:14202:14203:3:0:0:1	chr15	100346949	 (0,3)	MantaBND:0:14202:14203:3:0:0:0	chr18	43056001	-	51
BND	4	MantaBND:0:14202:14203:0:0:0:1	chr15	100346828	 (0,2)	MantaBND:0:14202:14203:0:0:0:0	chr18	43056464	-	50
DEL	4	MantaDEL:26544:0:0:0:0:0	chr5	101913679	 (0,4)	-	chr5	101914075	-	116
DEL	4	MantaDEL:0:226322:226322:18:0:0	chr19	14026074	 (0,13)	-	chr19	14026646	-	209
